domain,skill,split,feature,n,mean,median,minimum,maximum
it,all_skills,all,input_words,315,430.25714285714287,426.0,25.0,947.0
it,all_skills,all,target_items,315,21.08888888888889,20.0,0.0,65.0
it,all_skills,all,target_words,315,70.35873015873015,64.0,0.0,291.0
it,all_skills,all,distinct_skills_items,315,0.5682539682539682,0.0,0.0,15.0
it,all_skills,all,hard_skills_items,315,13.088888888888889,12.0,0.0,42.0
it,all_skills,all,must_have_items,315,7.273015873015873,6.0,0.0,31.0
it,all_skills,all,nice_to_have_items,315,2.8793650793650793,1.0,0.0,24.0
it,all_skills,all,soft_skills_items,315,7.419047619047619,7.0,0.0,30.0
it,all_skills,train,input_words,126,446.6111111111111,449.5,25.0,841.0
it,all_skills,train,target_items,126,21.1984126984127,19.5,1.0,54.0
it,all_skills,train,target_words,126,70.5,64.5,2.0,222.0
it,all_skills,train,distinct_skills_items,126,0.5555555555555556,0.0,0.0,8.0
it,all_skills,train,hard_skills_items,126,13.53968253968254,12.0,1.0,42.0
it,all_skills,train,must_have_items,126,7.253968253968254,5.0,0.0,28.0
it,all_skills,train,nice_to_have_items,126,3.2777777777777777,1.5,0.0,24.0
it,all_skills,train,soft_skills_items,126,7.095238095238095,7.0,0.0,21.0
it,all_skills,validation,input_words,32,420.8125,428.5,106.0,630.0
it,all_skills,validation,target_items,32,21.125,20.0,6.0,44.0
it,all_skills,validation,target_words,32,70.28125,63.5,15.0,165.0
it,all_skills,validation,distinct_skills_items,32,0.53125,0.0,0.0,5.0
it,all_skills,validation,hard_skills_items,32,13.25,12.0,2.0,35.0
it,all_skills,validation,must_have_items,32,7.1875,5.5,0.0,19.0
it,all_skills,validation,nice_to_have_items,32,3.0,0.0,0.0,19.0
it,all_skills,validation,soft_skills_items,32,7.3125,7.0,0.0,17.0
it,all_skills,test,input_words,157,419.05732484076435,407.0,50.0,947.0
it,all_skills,test,target_items,157,20.993630573248407,20.0,0.0,65.0
it,all_skills,test,target_words,157,70.26114649681529,64.0,0.0,291.0
it,all_skills,test,distinct_skills_items,157,0.5859872611464968,0.0,0.0,15.0
it,all_skills,test,hard_skills_items,157,12.694267515923567,11.0,0.0,35.0
it,all_skills,test,must_have_items,157,7.305732484076433,6.0,0.0,31.0
it,all_skills,test,nice_to_have_items,157,2.535031847133758,0.0,0.0,22.0
it,all_skills,test,soft_skills_items,157,7.7006369426751595,7.0,0.0,30.0
it,hard_skills,all,input_words,313,431.7667731629393,426.0,25.0,947.0
it,hard_skills,all,target_items,313,13.485623003194888,12.0,1.0,45.0
it,hard_skills,all,target_words,313,39.242811501597444,32.0,1.0,188.0
it,hard_skills,train,input_words,125,432.824,428.0,117.0,947.0
it,hard_skills,train,target_items,125,13.512,12.0,2.0,45.0
it,hard_skills,train,target_words,125,39.32,32.0,2.0,142.0
it,hard_skills,validation,input_words,31,434.61290322580646,426.0,106.0,691.0
it,hard_skills,validation,target_items,31,13.612903225806452,11.0,2.0,27.0
it,hard_skills,validation,target_words,31,39.516129032258064,34.0,7.0,129.0
it,hard_skills,test,input_words,157,430.3630573248408,426.0,25.0,832.0
it,hard_skills,test,target_items,157,13.439490445859873,12.0,1.0,42.0
it,hard_skills,test,target_words,157,39.12738853503185,32.0,1.0,188.0
it,soft_skills,all,input_words,306,436.9673202614379,430.0,100.0,947.0
it,soft_skills,all,target_items,306,7.6568627450980395,7.0,1.0,30.0
it,soft_skills,all,target_words,306,31.405228758169933,29.0,1.0,145.0
it,soft_skills,train,input_words,122,438.327868852459,430.5,106.0,947.0
it,soft_skills,train,target_items,122,7.680327868852459,7.0,1.0,30.0
it,soft_skills,train,target_words,122,31.508196721311474,28.5,1.0,145.0
it,soft_skills,validation,input_words,31,431.38709677419354,425.0,168.0,696.0
it,soft_skills,validation,target_items,31,7.548387096774194,6.0,1.0,17.0
it,soft_skills,validation,target_words,31,31.0,27.0,1.0,75.0
it,soft_skills,test,input_words,153,437.01307189542484,431.0,100.0,841.0
it,soft_skills,test,target_items,153,7.660130718954249,7.0,1.0,21.0
it,soft_skills,test,target_words,153,31.405228758169933,29.0,1.0,92.0
it,distinct_skills,all,input_words,83,449.6024096385542,436.0,100.0,945.0
it,distinct_skills,all,target_items,83,2.1566265060240966,1.0,1.0,15.0
it,distinct_skills,all,target_words,83,4.614457831325301,4.0,1.0,25.0
it,distinct_skills,train,input_words,33,452.8484848484849,457.0,146.0,841.0
it,distinct_skills,train,target_items,33,2.1818181818181817,1.0,1.0,15.0
it,distinct_skills,train,target_words,33,4.696969696969697,3.0,1.0,25.0
it,distinct_skills,validation,input_words,8,465.0,455.5,297.0,700.0
it,distinct_skills,validation,target_items,8,2.25,2.5,1.0,4.0
it,distinct_skills,validation,target_words,8,4.625,4.0,1.0,12.0
it,distinct_skills,test,input_words,42,444.1190476190476,434.5,100.0,945.0
it,distinct_skills,test,target_items,42,2.119047619047619,1.0,1.0,10.0
it,distinct_skills,test,target_words,42,4.5476190476190474,3.5,1.0,20.0
it,must_have,all,input_words,286,441.6223776223776,437.0,26.0,947.0
it,must_have,all,target_items,286,8.01048951048951,6.5,1.0,31.0
it,must_have,all,target_words,286,21.716783216783217,19.0,1.0,82.0
it,must_have,train,input_words,114,443.0438596491228,437.5,26.0,841.0
it,must_have,train,target_items,114,8.035087719298245,6.5,1.0,31.0
it,must_have,train,target_words,114,21.789473684210527,19.0,1.0,82.0
it,must_have,validation,input_words,29,436.3103448275862,428.0,136.0,945.0
it,must_have,validation,target_items,29,7.896551724137931,7.0,1.0,22.0
it,must_have,validation,target_words,29,21.413793103448278,19.0,1.0,61.0
it,must_have,test,input_words,143,441.56643356643355,442.0,106.0,947.0
it,must_have,test,target_items,143,8.013986013986013,6.0,1.0,28.0
it,must_have,test,target_words,143,21.72027972027972,19.0,1.0,75.0
it,nice_to_have,all,input_words,166,463.9578313253012,462.0,25.0,947.0
it,nice_to_have,all,target_items,166,5.463855421686747,4.0,1.0,24.0
it,nice_to_have,all,target_words,166,11.963855421686747,9.0,1.0,78.0
it,nice_to_have,train,input_words,66,466.54545454545456,460.0,25.0,947.0
it,nice_to_have,train,target_items,66,5.515151515151516,4.0,1.0,22.0
it,nice_to_have,train,target_words,66,11.984848484848484,8.0,1.0,49.0
it,nice_to_have,validation,input_words,17,454.0,462.0,228.0,660.0
it,nice_to_have,validation,target_items,17,5.294117647058823,4.0,1.0,12.0
it,nice_to_have,validation,target_words,17,11.882352941176471,7.0,2.0,37.0
it,nice_to_have,test,input_words,83,463.93975903614455,462.0,140.0,945.0
it,nice_to_have,test,target_items,83,5.457831325301205,4.0,1.0,24.0
it,nice_to_have,test,target_words,83,11.963855421686747,9.0,1.0,78.0
journal,all_skills,all,input_words,322,421.3198757763975,423.5,44.0,915.0
journal,all_skills,all,target_items,322,22.270186335403725,21.0,2.0,72.0
journal,all_skills,all,target_words,322,101.99068322981367,90.5,12.0,288.0
journal,all_skills,all,distinct_skills_items,322,1.6521739130434783,1.0,0.0,13.0
journal,all_skills,all,hard_skills_items,322,14.906832298136646,13.0,0.0,62.0
journal,all_skills,all,must_have_items,322,20.633540372670808,19.0,0.0,67.0
journal,all_skills,all,nice_to_have_items,322,1.3478260869565217,1.0,0.0,9.0
journal,all_skills,all,soft_skills_items,322,5.574534161490683,4.0,0.0,22.0
journal,all_skills,train,input_words,129,411.4108527131783,411.0,44.0,803.0
journal,all_skills,train,target_items,129,22.170542635658915,22.0,2.0,51.0
journal,all_skills,train,target_words,129,104.17829457364341,95.0,12.0,285.0
journal,all_skills,train,distinct_skills_items,129,1.573643410852713,1.0,0.0,9.0
journal,all_skills,train,hard_skills_items,129,14.790697674418604,13.0,0.0,49.0
journal,all_skills,train,must_have_items,129,20.155038759689923,19.0,0.0,53.0
journal,all_skills,train,nice_to_have_items,129,1.4651162790697674,1.0,0.0,9.0
journal,all_skills,train,soft_skills_items,129,5.666666666666667,4.0,0.0,18.0
journal,all_skills,validation,input_words,32,428.25,422.0,92.0,915.0
journal,all_skills,validation,target_items,32,22.28125,20.0,5.0,53.0
journal,all_skills,validation,target_words,32,101.125,95.5,33.0,193.0
journal,all_skills,validation,distinct_skills_items,32,1.71875,1.0,0.0,11.0
journal,all_skills,validation,hard_skills_items,32,14.65625,12.5,4.0,38.0
journal,all_skills,validation,must_have_items,32,21.09375,19.0,2.0,54.0
journal,all_skills,validation,nice_to_have_items,32,1.21875,1.0,0.0,5.0
journal,all_skills,validation,soft_skills_items,32,5.6875,4.5,0.0,19.0
journal,all_skills,test,input_words,161,427.88198757763973,436.0,56.0,881.0
journal,all_skills,test,target_items,161,22.347826086956523,21.0,3.0,72.0
journal,all_skills,test,target_words,161,100.40993788819875,90.0,13.0,288.0
journal,all_skills,test,distinct_skills_items,161,1.7018633540372672,1.0,0.0,13.0
journal,all_skills,test,hard_skills_items,161,15.049689440993788,13.0,1.0,62.0
journal,all_skills,test,must_have_items,161,20.925465838509318,19.0,2.0,67.0
journal,all_skills,test,nice_to_have_items,161,1.279503105590062,1.0,0.0,9.0
journal,all_skills,test,soft_skills_items,161,5.478260869565218,4.0,0.0,22.0
journal,hard_skills,all,input_words,321,422.14018691588785,425.0,44.0,915.0
journal,hard_skills,all,target_items,321,15.118380062305295,13.0,1.0,63.0
journal,hard_skills,all,target_words,321,75.77881619937695,66.0,2.0,248.0
journal,hard_skills,train,input_words,128,423.453125,420.0,92.0,915.0
journal,hard_skills,train,target_items,128,15.15625,13.0,2.0,63.0
journal,hard_skills,train,target_words,128,76.015625,65.5,5.0,248.0
journal,hard_skills,validation,input_words,32,423.46875,430.5,94.0,803.0
journal,hard_skills,validation,target_items,32,15.1875,12.5,1.0,42.0
journal,hard_skills,validation,target_words,32,76.0,74.5,2.0,152.0
journal,hard_skills,test,input_words,161,420.832298136646,419.0,44.0,881.0
journal,hard_skills,test,target_items,161,15.074534161490684,13.0,1.0,52.0
journal,hard_skills,test,target_words,161,75.54658385093168,66.0,5.0,238.0
journal,soft_skills,all,input_words,283,438.2226148409894,460.0,44.0,915.0
journal,soft_skills,all,target_items,283,6.448763250883392,5.0,1.0,22.0
journal,soft_skills,all,target_words,283,18.71731448763251,16.0,1.0,80.0
journal,soft_skills,train,input_words,113,438.9646017699115,462.0,89.0,881.0
journal,soft_skills,train,target_items,113,6.460176991150442,5.0,1.0,22.0
journal,soft_skills,train,target_words,113,18.743362831858406,16.0,1.0,80.0
journal,soft_skills,validation,input_words,28,442.92857142857144,471.0,89.0,915.0
journal,soft_skills,validation,target_items,28,6.5,5.0,1.0,19.0
journal,soft_skills,validation,target_words,28,18.928571428571427,15.0,2.0,80.0
journal,soft_skills,test,input_words,142,436.7042253521127,448.5,44.0,868.0
journal,soft_skills,test,target_items,142,6.429577464788732,5.0,1.0,20.0
journal,soft_skills,test,target_words,142,18.654929577464788,15.5,1.0,64.0
journal,distinct_skills,all,input_words,197,432.71573604060916,436.0,44.0,868.0
journal,distinct_skills,all,target_items,197,2.7106598984771573,2.0,1.0,13.0
journal,distinct_skills,all,target_words,197,15.710659898477157,12.0,1.0,99.0
journal,distinct_skills,train,input_words,79,431.60759493670884,408.0,89.0,868.0
journal,distinct_skills,train,target_items,79,2.7088607594936707,2.0,1.0,11.0
journal,distinct_skills,train,target_words,79,15.658227848101266,12.0,1.0,99.0
journal,distinct_skills,validation,input_words,20,426.3,442.0,66.0,768.0
journal,distinct_skills,validation,target_items,20,2.65,2.0,1.0,13.0
journal,distinct_skills,validation,target_words,20,15.5,12.5,3.0,46.0
journal,distinct_skills,test,input_words,98,434.9183673469388,442.0,44.0,802.0
journal,distinct_skills,test,target_items,98,2.7244897959183674,2.0,1.0,10.0
journal,distinct_skills,test,target_words,98,15.795918367346939,12.0,1.0,93.0
journal,must_have,all,input_words,321,421.66043613707166,425.0,44.0,915.0
journal,must_have,all,target_items,321,20.697819314641745,19.0,1.0,67.0
journal,must_have,all,target_words,321,95.25856697819314,84.0,2.0,284.0
journal,must_have,train,input_words,128,423.1015625,425.0,55.0,803.0
journal,must_have,train,target_items,128,20.7578125,18.5,2.0,67.0
journal,must_have,train,target_words,128,95.6015625,83.0,2.0,237.0
journal,must_have,validation,input_words,32,422.71875,423.0,89.0,802.0
journal,must_have,validation,target_items,32,20.75,20.0,2.0,54.0
journal,must_have,validation,target_words,32,95.46875,87.0,7.0,234.0
journal,must_have,test,input_words,161,420.30434782608694,415.0,44.0,915.0
journal,must_have,test,target_items,161,20.63975155279503,19.0,1.0,63.0
journal,must_have,test,target_words,161,94.94409937888199,84.0,2.0,284.0
journal,nice_to_have,all,input_words,177,426.1242937853107,422.0,115.0,881.0
journal,nice_to_have,all,target_items,177,2.4519774011299433,2.0,1.0,9.0
journal,nice_to_have,all,target_words,177,9.152542372881356,7.0,1.0,49.0
journal,nice_to_have,train,input_words,71,424.8732394366197,410.0,141.0,802.0
journal,nice_to_have,train,target_items,71,2.4507042253521125,2.0,1.0,9.0
journal,nice_to_have,train,target_words,71,9.126760563380282,7.0,1.0,49.0
journal,nice_to_have,validation,input_words,18,419.1111111111111,426.0,163.0,701.0
journal,nice_to_have,validation,target_items,18,2.388888888888889,2.0,1.0,6.0
journal,nice_to_have,validation,target_words,18,9.0,7.5,2.0,21.0
journal,nice_to_have,test,input_words,88,428.5681818181818,429.0,115.0,881.0
journal,nice_to_have,test,target_items,88,2.465909090909091,2.0,1.0,9.0
journal,nice_to_have,test,target_words,88,9.204545454545455,7.0,1.0,49.0
merged,all_skills,all,input_words,637,425.7394034536892,426.0,25.0,947.0
merged,all_skills,all,target_items,637,21.68602825745683,20.0,0.0,72.0
merged,all_skills,all,target_words,637,86.34850863422292,75.0,0.0,291.0
merged,all_skills,all,distinct_skills_items,637,1.1161695447409734,0.0,0.0,15.0
merged,all_skills,all,hard_skills_items,637,14.007849293563579,12.0,0.0,62.0
merged,all_skills,all,must_have_items,637,14.026687598116169,11.0,0.0,67.0
merged,all_skills,all,nice_to_have_items,637,2.1051805337519625,1.0,0.0,24.0
merged,all_skills,all,soft_skills_items,637,6.4866562009419155,6.0,0.0,30.0
merged,all_skills,all,is_journal,637,0.5054945054945055,1.0,0.0,1.0
merged,all_skills,train,input_words,255,424.73333333333335,435.0,25.0,868.0
merged,all_skills,train,target_items,255,21.67450980392157,20.0,1.0,58.0
merged,all_skills,train,target_words,255,86.96078431372548,73.0,2.0,285.0
merged,all_skills,train,distinct_skills_items,255,1.0901960784313725,0.0,0.0,11.0
merged,all_skills,train,hard_skills_items,255,13.901960784313726,12.0,1.0,46.0
merged,all_skills,train,must_have_items,255,13.556862745098039,10.0,0.0,63.0
merged,all_skills,train,nice_to_have_items,255,2.3568627450980393,1.0,0.0,24.0
merged,all_skills,train,soft_skills_items,255,6.6117647058823525,6.0,0.0,21.0
merged,all_skills,train,is_journal,255,0.4823529411764706,0.0,0.0,1.0
merged,all_skills,validation,input_words,64,424.09375,429.5,56.0,762.0
merged,all_skills,validation,target_items,64,21.78125,20.0,2.0,53.0
merged,all_skills,validation,target_words,64,85.078125,74.5,12.0,215.0
merged,all_skills,validation,distinct_skills_items,64,1.078125,0.0,0.0,6.0
merged,all_skills,validation,hard_skills_items,64,14.109375,12.0,0.0,38.0
merged,all_skills,validation,must_have_items,64,13.9375,11.0,0.0,54.0
merged,all_skills,validation,nice_to_have_items,64,2.171875,1.0,0.0,19.0
merged,all_skills,validation,soft_skills_items,64,6.484375,6.0,0.0,19.0
merged,all_skills,validation,is_journal,64,0.5,0.5,0.0,1.0
merged,all_skills,test,input_words,318,426.87735849056605,416.0,44.0,947.0
merged,all_skills,test,target_items,318,21.67610062893082,20.0,0.0,72.0
merged,all_skills,test,target_words,318,86.11320754716981,75.0,0.0,291.0
merged,all_skills,test,distinct_skills_items,318,1.1446540880503144,0.0,0.0,15.0
merged,all_skills,test,hard_skills_items,318,14.072327044025156,12.0,0.0,62.0
merged,all_skills,test,must_have_items,318,14.421383647798741,11.0,0.0,67.0
merged,all_skills,test,nice_to_have_items,318,1.889937106918239,1.0,0.0,22.0
merged,all_skills,test,soft_skills_items,318,6.386792452830188,5.0,0.0,30.0
merged,all_skills,test,is_journal,318,0.5251572327044025,1.0,0.0,1.0
merged,hard_skills,all,input_words,634,426.89274447949526,426.0,25.0,947.0
merged,hard_skills,all,target_items,634,14.31230283911672,12.0,1.0,63.0
merged,hard_skills,all,target_words,634,57.74132492113565,46.0,1.0,248.0
merged,hard_skills,all,is_journal,634,0.5063091482649842,1.0,0.0,1.0
merged,hard_skills,train,input_words,254,426.1929133858268,427.0,26.0,947.0
merged,hard_skills,train,target_items,254,14.28740157480315,12.0,1.0,52.0
merged,hard_skills,train,target_words,254,57.65748031496063,46.0,1.0,238.0
merged,hard_skills,train,is_journal,254,0.5039370078740157,1.0,0.0,1.0
merged,hard_skills,validation,input_words,63,429.6825396825397,426.0,137.0,775.0
merged,hard_skills,validation,target_items,63,14.412698412698413,12.0,1.0,45.0
merged,hard_skills,validation,target_words,63,58.095238095238095,46.0,2.0,178.0
merged,hard_skills,validation,is_journal,63,0.5079365079365079,1.0,0.0,1.0
merged,hard_skills,test,input_words,317,426.8990536277602,422.0,25.0,945.0
merged,hard_skills,test,target_items,317,14.31230283911672,12.0,1.0,63.0
merged,hard_skills,test,target_words,317,57.738170347003155,46.0,1.0,248.0
merged,hard_skills,test,is_journal,317,0.5078864353312302,1.0,0.0,1.0
merged,soft_skills,all,input_words,589,437.5704584040747,442.0,44.0,947.0
merged,soft_skills,all,target_items,589,7.076400679117148,6.0,1.0,30.0
merged,soft_skills,all,target_words,589,25.30899830220713,21.0,1.0,145.0
merged,soft_skills,all,is_journal,589,0.48047538200339557,0.0,0.0,1.0
merged,soft_skills,train,input_words,236,436.85169491525426,443.0,89.0,881.0
merged,soft_skills,train,target_items,236,7.063559322033898,6.0,1.0,21.0
merged,soft_skills,train,target_words,236,25.271186440677965,20.5,1.0,95.0
merged,soft_skills,train,is_journal,236,0.4830508474576271,0.0,0.0,1.0
merged,soft_skills,validation,input_words,59,436.76271186440675,449.0,104.0,744.0
merged,soft_skills,validation,target_items,59,7.067796610169491,6.0,1.0,22.0
merged,soft_skills,validation,target_words,59,25.25423728813559,20.0,1.0,80.0
merged,soft_skills,validation,is_journal,59,0.4745762711864407,0.0,0.0,1.0
merged,soft_skills,test,input_words,294,438.3095238095238,437.0,44.0,947.0
merged,soft_skills,test,target_items,294,7.08843537414966,6.0,1.0,30.0
merged,soft_skills,test,target_words,294,25.35034013605442,21.0,1.0,145.0
merged,soft_skills,test,is_journal,294,0.47959183673469385,0.0,0.0,1.0
merged,distinct_skills,all,input_words,280,437.7214285714286,436.0,44.0,945.0
merged,distinct_skills,all,target_items,280,2.5464285714285713,2.0,1.0,15.0
merged,distinct_skills,all,target_words,280,12.42142857142857,7.0,1.0,99.0
merged,distinct_skills,all,is_journal,280,0.7035714285714286,1.0,0.0,1.0
merged,distinct_skills,train,input_words,112,437.73214285714283,430.5,92.0,832.0
merged,distinct_skills,train,target_items,112,2.544642857142857,2.0,1.0,11.0
merged,distinct_skills,train,target_words,112,12.428571428571429,7.0,1.0,99.0
merged,distinct_skills,train,is_journal,112,0.6964285714285714,1.0,0.0,1.0
merged,distinct_skills,validation,input_words,28,437.67857142857144,436.0,100.0,841.0
merged,distinct_skills,validation,target_items,28,2.5357142857142856,1.0,1.0,13.0
merged,distinct_skills,validation,target_words,28,12.392857142857142,8.5,1.0,46.0
merged,distinct_skills,validation,is_journal,28,0.7142857142857143,1.0,0.0,1.0
merged,distinct_skills,test,input_words,140,437.7214285714286,440.0,44.0,945.0
merged,distinct_skills,test,target_items,140,2.55,2.0,1.0,15.0
merged,distinct_skills,test,target_words,140,12.42142857142857,7.0,1.0,52.0
merged,distinct_skills,test,is_journal,140,0.7071428571428572,1.0,0.0,1.0
merged,must_have,all,input_words,607,431.0658978583196,433.0,26.0,947.0
merged,must_have,all,target_items,607,14.71993410214168,12.0,1.0,67.0
merged,must_have,all,target_words,607,60.60790774299835,40.0,1.0,284.0
merged,must_have,all,is_journal,607,0.528830313014827,1.0,0.0,1.0
merged,must_have,train,input_words,243,430.679012345679,433.0,26.0,945.0
merged,must_have,train,target_items,243,14.703703703703704,12.0,1.0,67.0
merged,must_have,train,target_words,243,60.55555555555556,40.0,1.0,237.0
merged,must_have,train,is_journal,243,0.5308641975308642,1.0,0.0,1.0
merged,must_have,validation,input_words,61,429.04918032786884,431.0,132.0,750.0
merged,must_have,validation,target_items,61,14.655737704918034,11.0,1.0,50.0
merged,must_have,validation,target_words,61,60.32786885245902,40.0,1.0,202.0
merged,must_have,validation,is_journal,61,0.5245901639344263,1.0,0.0,1.0
merged,must_have,test,input_words,303,431.7821782178218,433.0,56.0,947.0
merged,must_have,test,target_items,303,14.745874587458745,11.0,1.0,63.0
merged,must_have,test,target_words,303,60.70627062706271,40.0,1.0,284.0
merged,must_have,test,is_journal,303,0.528052805280528,1.0,0.0,1.0
merged,nice_to_have,all,input_words,343,444.4344023323615,449.0,25.0,947.0
merged,nice_to_have,all,target_items,343,3.9096209912536444,3.0,1.0,24.0
merged,nice_to_have,all,target_words,343,10.513119533527696,8.0,1.0,78.0
merged,nice_to_have,all,is_journal,343,0.5160349854227405,1.0,0.0,1.0
merged,nice_to_have,train,input_words,137,445.0948905109489,456.0,25.0,947.0
merged,nice_to_have,train,target_items,137,3.9197080291970803,3.0,1.0,19.0
merged,nice_to_have,train,target_words,137,10.525547445255475,8.0,1.0,49.0
merged,nice_to_have,train,is_journal,137,0.5109489051094891,1.0,0.0,1.0
merged,nice_to_have,validation,input_words,34,448.2647058823529,440.0,174.0,945.0
merged,nice_to_have,validation,target_items,34,3.9411764705882355,3.0,1.0,19.0
merged,nice_to_have,validation,target_words,34,10.617647058823529,8.0,2.0,45.0
merged,nice_to_have,validation,is_journal,34,0.5294117647058824,1.0,0.0,1.0
merged,nice_to_have,test,input_words,172,443.1511627906977,446.5,136.0,881.0
merged,nice_to_have,test,target_items,172,3.895348837209302,3.0,1.0,24.0
merged,nice_to_have,test,target_words,172,10.482558139534884,8.0,1.0,78.0
merged,nice_to_have,test,is_journal,172,0.5174418604651163,1.0,0.0,1.0
