id,headline,description,skills,skill_count,skills_len,skill_type,Note
bbf8318c1d5197c62425b240baaedbd3c6db676c,Senior Software Quality Assurance Engineer till Gradientech,"Jobbify är en jobbplattform för vassa kandidater. För kunds räkning har vi publicerat denna annons, vill du komma i kontakt med den slutgiltiga arbetsgivaren kan du klicka dig vidare till annonsen: Hos Gradientech får du möjlighet att ta ansvar för kvalitetssäkring av bolagets samtliga mjukvaruprodukter samt interna mjukvaruverktyg. Hos Gradientech får du inte bara en chans att vidareutvecklas professionellt, utan också möjligheten att göra verklig skillnad i kampen mot antibiotikaresistens och förbättra patientvården över hela världen. Om teamet & rollen Gradientech är idag omkring 40 anställda varav cirka hälften ingår i utvecklingsteamen. Du kommer att arbeta nära och tillsammans med utvecklare och QA/Reg i agila team för mjukvaruutveckling och systemutveckling. Du kommer rapportera till bolagets CTO. Gradientech har kontor och produktionslokaler belägna i Uppsala Science Park. På Gradientech jobbar man från kontoret. I rollen som Senior Software Quality Assurance Engineer kommer du ha stor fokus på kvalitetssäkring av mjukvara kopplad till bolagets IVD-produkter, på instrument- och på applikationsnivå. Det innebär att du kommer delta i test, verifierings- och valideringsarbete inför frisläppning av mjukvara. Du kommer även att delta i kravinsamling och kravanalys för utveckling av befintliga och nya produkter. Samt delta i aktiv dialog med slutkunder och/eller studiepartners för att föreslå nödvändiga förändringar/förbättringar. Utöver detta kommer du även ha fokus på: Arbeta riskbaserat och kvalitetsmedvetet med utgångspunkt från ISO13485, IEC62304 och ISO14971 samt tillämpliga guidelines från FDA. Delta i arbete med att säkerställa cyber security inom ramen för CE-IVDR och FDA. Arbete med bolagets lösningar för continuous development/deployment/integration. Där ingår verktyg för test, frisläppning och distribution av mjukvaruprodukter. Om dig Vi söker dig som har: En ingenjörsbakgrund alt systemvetare Erfarenhet av rollen som mjukvarutestare där du skrivit krav, satt upp automattester och jobbat med kvalitetssäkring Ett intresse av den övriga kvalitetssäkringen Kommunicerar obehindrat på engelska och har god förståelse för svenska språket Vi ser det som meriterande om du har jobbat med test inom medtech alt liknande branscher där det är högt ställda kvalitetskrav. Som person gillar du utmaningen med att arbeta i ett mindre bolag, något som erbjuder korta beslutsprocesser, oändlig utvecklingspotential, omväxlande arbetsuppgifter och ett stort eget ansvar. Rollen ställer höga krav på din noggrannhet, analytiska förmåga och samarbetsförmåga då du ingår i många olika samarbeten internt. Om GRADIENTECH Gradientech utvecklar och säljer ett CE-märkt diagnostiksystem (IVD) för antibiotikaresistensbestämning (AST) avsett för kliniska mikrobiologilaboratorier. Vårt AST system kan inom 2-4 timmar diagnostisera vilken antibiotika en patient bör behandlas med och är det idag snabbaste på marknaden för sepsisprover. Systemet marknadsförs under varumärket QuickMIC® och består av en instrumentenhet med dedikerad analysmjukvara och tillhörande engångsprodukter – antibiotikakassetter. Gradientech arbetar i ett reglerat kvalitetsledningssystem och är ISO13485 certifierat för IVD produktutveckling, tillverkning och försäljning. Välkommen med din ansökan! Tror du att detta skulle passa dig, eller kanske någon du känner? Vi har ett löpande urval och kan komma att tillsätta tjänsten innan sista ansökningsdag, tveka därför inte - utan skicka in din ansökan redan idag! Rekryteringen kommer hållas av Ed:Za Group. Har du några frågor eller funderingar relaterade till tjänsten och processen är du varmt välkommen att kontakta oss på ****",test inom medtech alt liknande branscher där det är högt ställda kvalitetskrav,1,78,distinct_skills_list,
750fceec480cf04eab0e7cf347fa0f08279dd983,Junior utvecklare,"cadett ab söker junior programmerare och utvecklare till huvudkontoret i Järfälla Vill du arbeta med avancerad teknik i ett etablerat svenskt programvaruföretag med internationella ambitioner? Vi söker en ambitiös programmerare som vill vara med och utveckla framtidens CAD-system för elschema och instrumentering – gärna med intresse för artificiell intelligens och nya teknologier. Om cadett ab cadett ab är ett specialiserat programvaruföretag med huvudkontor i Järfälla och systerbolag i Jülich, Tyskland. Vi har sedan 1979 utvecklat och sålt världsledande CAD-lösningar. Vår flaggskeppsprodukt – cadett ELSA – har varit marknadsledande i Norden inom high-end-lösningar för elschema sedan 1985. Vi fokuserar på schemakonstruktionslösningar baserade på plattformar från Autodesk. Vår långa erfarenhet gör oss till en unik aktör inom branschen. Om rollen Som programmerare och utvecklare på cadett blir du en del av vårt utvecklingsteam och kommer att arbeta med att vidareutveckla cadett ELSA samt tillhörande komponenter och integrationer. Du får möjlighet att arbeta i ett tekniskt kvalificerat team där kvalitet, struktur och långsiktighet står i fokus. Du får också möjlighet att bidra till vårt utforskande av AI-lösningar och smart automation inom CAD-området. Dina arbetsuppgifter kommer bland annat att inkludera: Programmering av nya funktioner i vår .NET-baserade programvaruplattform Arbete med användargränssnitt och användarupplevelse Förvaltning och vidareutveckling av befintlig kod Integration med tredjepartsverktyg och Autodesk-plattformar Tillämpning av AI-metoder för intelligent stöd i konstruktionen Samarbete med produktledning och support-team Vi söker dig som har: God programmeringsvana Höga ambitioner Meriterande: Kunskaper i .NET (C#/VB.NET) Erfarenhet av desktoputveckling (WinForms, WPF eller liknande) Erfarenhet av arbete med databaser Ett strukturerat arbetssätt och ett intresse för komplexa tekniska lösningar Intresse för, eller erfarenhet av, artificiell intelligens, maskininlärning eller data-analys Förmåga att arbeta självständigt och i team Goda kunskaper i svenska och engelska i tal och skrift Erfarenhet av och/eller kunskap om Autodesk-produkter som AutoCAD Kunskaper inom elschema eller industriell automation Erfarenhet av C++ Erfarenhet av Git och DevOps Vi erbjuder dig: Ett långsiktigt och stabilt företag med unik nischkompetens Arbete med tekniskt utmanande och marknadsledande produkter Möjlighet att arbeta med AI-satsningar inom produktutvecklingen Kollegor med djup kompetens och starkt engagemang Korta beslutsvägar och inflytande i utvecklingsarbetet Placering: Järfälla (möjlighet till hybridarbete finns) Omfattning: Heltid Start: Enligt överenskommelse Välkommen med din ansökan! Skicka ditt CV och gärna några rader om varför du är intresserad av rollen till: **** Urval sker löpande.",elschema | industriell automation,2,33,distinct_skills_list,
e8405585a68eb4e563f09edf13cfcd3324c92a34,Android automotive-utvecklare till Knowit Swedspot,"Android automotive-utvecklare till Knowit Swedspot Knowit Swedspot är ett mjukvaruföretag som framtidssäkrar fordonsbranschen. Vi ser till att utvecklingen av kommande generationers fordon lever upp till de omställningskrav som ställs på branschen. Tillsammans bygger vi mjukvara som på ett innovativt, hållbart och säkert sätt utvecklar våra kunders verksamhet och stärker deras erbjudande. Nu vill vi utöka våra team och söker dig som har erfarenhet som Android-utvecklare. Som utvecklare hos oss på Knowit Swedspot förvandlar du idéer och krav till körbar mjukvara. Du kommer främst arbeta med att utveckla och implementera högkvalitativ mjukvara för infotainment och självkörande fordonssystem. Det unika med vårt affärsupplägg är att vi kombinerar kunduppdrag med egen produktutveckling. Detta skapar en dynamisk atmosfär mellan våra team som i många projekt kompletterar varandra och arbetar tillsammans. På Knowit Swedspot utvecklare vi, säljer och integrerar avancerade kommunikationslösningar huvudsakligen till fordonsindustrin. Vi är idag ett 60-tal medarbetare som tillsammans levererar ett antal produkter och integrationsprojekt fokuserade kring Bluetooth och V2X teknologi. Våra produkter sitter i drygt 60 miljoner fordon världen över. Vem söker vi Nu söker vi dig som älskar AOSP på djupet och som obehindrat kastar sig mellan Java, C och C++. Du har bra koll på Androids AOSP arkitektur, hur systemet byggs och typiskt flashas på target. Troligtvis har du erfarenhet eller intresse för att arbeta på såväl små inbyggda plattformar som med applikationsutveckling. Du är en person som dina kollegor och samarbetspartners vänder sig till med frågor, och du tar en aktiv roll i att kvalitetssäkra slutresultat. Vi tror att du som söker har Betydande erfarenhet av mjukvaruutveckling, särskilt inom C och C++ En utbildning inom datateknik eller motsvarande Stark problemlösningsförmåga och uppmärksamhet på detaljer God förståelse för hur Androidsystemet är uppbyggt och tvekar inte för att arbeta mot HAL och HIDL Tidigare erfarenhet av Fluoride och/eller Gabeldorsche är en merit. Vad du kommer arbeta med Du kommer arbeta i ett produktutvecklingsteam för Android Automotive eller i något av teamen som åt kund implementerar lösningar byggda på våra produkter. Tjänsten är placerad i Jönköping och kommer utgå från vårt kontor på Östra Storgatan 33A. Mer om oss Knowit Swedspot är det innovativa mjukvarubolaget som sedan 2012 har designat och utvecklat mjukvara till en mängd olika branscher. Vi är specialister på att utveckla smarta mobilitetslösningar av hög teknisk kvalité och kan erbjuda våra kunder ett brett spann av kompetenser inom projektens behov. Som en del av Knowit AB är vår vision att skapa ett hållbart och mänskligt samhälle genom digitalisering och innovation. Totalt har Knowit över 4000 medarbetare som med olika, unika kompetenser kombinerar strategisk förmåga med passion för teknik för att skapa kreativa lösningar och långsiktigt värde till våra kunder Ansökan Varmt välkommen med din ansökan!",infotainment och självkörande fordonssystem,1,43,distinct_skills_list,
a20d795463241aab8b99e2d7a37d855d29f33656,Embeddedutvecklare som räddar liv!,"Är du en vass Embeddedutvecklare som vill vara en del av ett bolag som arbetar med innovativa tekniska lösningar för att rädda liv? Varje dag strävar vår kund efter att leverera världsledande livräddande lösningar för mobilitet och samhälle. Vill du vara med och bidra till deras vision? Då ska du läsa vidare! OM TJÄNSTEN: Friday söker för kunds räkning en Embeddedutvecklare. Vår kund är en världsledande bilsäkerhetsleverantör som utvecklar, tillverkar och säljer säkerhetssystem för fordon. I rollen som Embeddedutvecklare kommer du att arbeta med att bygga den framtida mjukvaruplattformen för nästa generations produkter inom området innovation. Du kommer att arbeta nära forskning för att optimera och integrera den senaste kunskapen i produkter som kunden ger till användarna. Du kommer också att få möjlighet att arbeta nära elektronikavdelningen och påverka val av MCU:er, sensorer och mer. I tjänsten kommer du vidare bli en del av ett internationellt och agilt projektteam om 9 personer som är ansvariga för att bygga en verktygslåda med mjukvarukomponenter för att snabbt industrialisera idéer. Teamet kommer att äga uppstarten av projekt, liksom att bygga de ramverk som kommer att användas för att accelerera tiden från en prototyp till en produkt i användarens händer. Teamet du kommer att tillhöra kommer att vara en central del i den digitala strategin i den globala kontext som vår kund verkar i. Verktygen är C, C++ och automatisering med Python. Koden hålls i Git och automatisering av tester och integration sker med hjälp av Azure DevOps. VI SÖKER DIG SOM: Har en högskole- eller universitetsutbildning inom datateknik, elektro, mekatronik eller likvärdigt. Har goda kunskaper inom C/C++ och Python. Har arbetat med embeddedutveckling inom automotive och/eller liknande bransch Är flytande i engelska i både tal och skrift då språket kommuniceras internt. Stor vikt kommer att läggas vid personlig lämplighet där vi tror att du är strukturerad, noggrann och kommunikativ. Du har lätt för att prata med olika personer och att samarbeta. Vi ser vidare att du även är självgående och tar stort ansvar för ditt arbete samtidigt som du gärna arbetar i ett nära samarbete med dina kollegor. Vidare är du initiativtagande och flexibel där du trivs i en internationell och dynamisk arbetsmiljö utan tydliga ramar eller riktlinjer. Kom ihåg att vara snabb med din ansökan då vi gör löpande urval av kandidater och att annonsen kan stängs ner innan tjänsten är tillsatt om vi gått över till urvals- och intervju fas. OM FRIDAY: Genom att vara en partner både till våra kandidater och kunder strävar vi efter att hitta den bästa matchningen. Det gör vi genom att lära känna våra kunder och kandidater på riktigt! Vi ser självklart till att kunskaps- och erfarenhetskrav matchar, men framförallt lägger vi vikt vid samsyn kring värderingar och företagskultur som båda parter värdesätter. Vår passion är att hjälpa människor till rätt roll, arbetsplats och sammanhang inom IT och teknik. Vi riktar oss främst till dig som är i början av din karriär eller studerar vid högskola/universitet inom IT och Teknik. Vår övertygelse är att människor uppnår sin fulla potential när man ser fram emot att gå till jobbet varje morgon. Friday – everyday, hur låter det?",automotive och/eller liknande bransch,1,37,distinct_skills_list,
58482b381dfb35eca06cfd13d245e90e793eab76,Mjukvaruutvecklare inom inbyggda system till fördonsjätte!,"Nu söker i en mjukvaruutvecklare inom inbyggda system med intresse för fordonsindustrin! Är du är person som drivs av att jobba med häftig teknik och vill jobba med riktigt vassa kollegor? Ansök idag, urval sker löpande! OM ROLLEN Som utvecklare hos vår kund kommer du arbeta med alla inbyggda system för hela fordonet men framförallt får du den unika möjligheten att jobba med senaste tekniken inom eldrivna fordon. Du kommer att tillhöra R&D avdelningen och ingå i ett mindre team av 6 personer som programmerar hårdvara. Teamets syfte är att simulera välden runt om lastbilen (t.ex. olika temperaturer, tryck, personer mm) och utföra tester i en labbmiljö. Exempel på några av dina arbetsuppgifter är mjukvaruutveckling inom inbyggda system, programmering av ett gränssnitt, testning samt förbättringsarbete. DIN PROFIL Som junior utvecklare ser vi att du har nedan krav uppfyllda: •Högskoleingenjör eller civilingenjör inom relevant område (datateknik, elektroteknik, mekatronik, maskinteknik, teknisk fysik osv, inriktning mjukvara/inbyggda system) •Kompetens/kunskap inom inbyggda system från exempelvis Exjobb, hobbyprojekt eller annat projekt •Arduino modul •Engelska i tal och skrift Meriterande: •C++, C# eller annat objektorienterat språk •Programmering av Arm® Cortex®-M7 •Designat hårdvara inom inbyggda system •Svenska Som en del av vår roll söker vi en person som har driv, engagemang och integritet. Du håller högt i tak och gör som du lovat. Du är en skicklig relationsbyggare som kan hitta kreativa lösningar på olika utmaningar. Du trivs i ett team där du bidrar med din kompetens och ditt engagemang, och du har alltid ögonen för teamets bästa. OM KUNDFÖRETAGET Vår kund är världsledande inom utveckling av lastbilar och bussar. Tillsammans med deras partner och kunder driver de på omställningen mot ett hållbart transportsystem och skapar en värld av mobilitet som är bättre för både företagen, samhället och miljön. Vår kund står för en marknadsandel för lastbilar på 45,3% och är placerade i Södertälje. Uppdraget innebär således att du får in en fot hos en aktör i en bransch med mycket att erbjuda. OM FRAMTIDEN Vi på Framtiden arbetar med både bemanning och rekrytering, vi vill göra skillnad i människors liv. Skillnad gör vi genom att hjälpa människor att hitta rätt jobb och rätt kollega. Vi är specialister på att rekrytera rätt talanger till rätt företag. Framtiden finns på sju orter i Sverige samt i Oslo. För denna tjänst kommer du bli direkt anställd av kundföretaget. ÖVRIGT Process: Intervju via Framtiden – Referenstagning – Intervju hos kund - Personlighetstest – Bakgrundskontroll – Beslut Placeringsort: Södertälje Arbetstider: 8-17 med möjlighet till flex och hybrid Omfattning: heltid",intresse för fordonsindustrin,1,29,distinct_skills_list,
6d353c8cb10c7a1356b9ad1f9c0174ca3ad63188,DevSecOps-utvecklare,"Vi söker nu en erfaren DevSecOps-utvecklare till vår kund för att stärka deras dynamiska team och leda dem framåt i deras digitala omvandling. Du kommer att ha en central roll för att skapa snabbare kundvärde i det digitala kundmötet. Aveer är en IT-konsultfirma som fokuserar på att tillhandahålla högkvalitativa konsulttjänster inom IT- och affärslösningar till våra klienter. Vi tror på att skapa en stimulerande arbetsmiljö där våra medarbetare kan utvecklas och trivas samtidigt som de får möjlighet att arbeta på spännande projekt och utmaningar. Konsultrollen hos Aveer passar perfekt för dig som tycker om det ansvar den medför, eftersom den ger dig möjlighet att ta kontroll över din karriär och utveckling. Genom att vara en del av vårt team av konsulter får du chansen att utforska olika branscher och uppdrag, samtidigt som du får arbeta på spännande projekt där din kompetens behövs. Din kompetens kommer att värdesättas och göra verklig skillnad för våra kunder. Som anställd hos Aveer har du förmågan att påverka dina uppdrag och därigenom skapa en arbetsmiljö som passar just dina intressen och ambitioner, samtidigt som du har möjlighet att fortsätta att utvecklas och växa inom företaget. Vem söker vi? Vi söker dig som är driven och vågar ifrågasätta gamla arbetssätt. I det dagliga arbetet ingår utveckling av nya tjänster och produkter inom försäkringsområdet, eliminering av återkommande incidenter och proaktiv felsökning med hjälp av monitorering och alerts. Kunden arbetar enligt SAFe så erfarenhet av agila metoder och självledarskap är en fördel. Du kommer att arbeta främst med frontendutveckling där viss backendutveckling kan förekomma. Kvalifikationer: Minst 10 års erfarenhet inom frontendutveckling i nämnda Teknikområden Gedigen erfarenhet av agila arbetssätt – Scrum/SAFe Erfarenhet av utveckling i miljöer med komplexa och verksamhetskritiska systemrelationer Erfarenhet av arkitektoniska ramverk och mönster Erfarenhet av teststrategier och testautomation, och prestandatestning Erfarenhet av containerteknik Erfarenhet av Azure Cloud Mycket god förmåga att uttrycka dig i tal och skrift på svenska (modersmål) samt på engelska Teknikområden: Frontendutveckling – Javascript/React (och grundläggande UX) Backendutveckling – Java (och .NET) BDD, TDD Clean Architecture Azure DevOps, CI – CD och arbete i Azure Boards Docker/Containers/OpenShift Azure Cloud Feature toggling Är du en öppen och positiv lagspelare med 10-12 års erfarenhet inom IT och mjukvaruutveckling?Då kan rollen somDevSecOps-utvecklare passa dig perfekt. Skicka in din ansökan redan idag! Fördelar med att vara hos Aveer Variation i uppdrag:Som konsult får du möjlighet att välja och påverka dina uppdrag, vilket ger dig variation och möjlighet att bredda din erfarenhet inom olika branscher och projekt. Efterfrågan på din kompetens: Din kompetens är högt efterfrågad, vilket innebär att du kommer att vara i en position där din kunskap och erfarenhet värderas högt av både Aveer och våra klienter. Konkurrenskraftig lön:Hos oss finns enbart experter och vi ser till att din ersättning reflekterar den höga nivån av kompetens och erfarenhet du besitter inom din bransch. Aveer, ett dynamiskt IT-konsultföretag som just nu på en spännande tillväxtresa och vi söker nu våra nästa experter inom IT. Vi främjar innovation och anser att inga idéer är för stora. Eftersom vi verkar inom IT-sektorn är det ingen hemlighet att vi älskar tech och innovativa lösningar. Därför förväntar vi oss att du delar samma ambitioner och inte är rädd för att utforska nya vägar och tillvägagångssätt. Bemannings-/rekryterings-bolag samt underkonsulter undanbedes.",försäkringsområdet,1,18,distinct_skills_list,
8882c4e0acbc8a16fd531c4880ffd461b2d5989d,Softwaredesigner till Framtidens Talangprogram med ABB Ports,"Vill du arbeta med mjukvaruutveckling och design-anpassningar av styrsystem och automationslösningar för containerkranar på ett världsledande och globalt företag? Vi söker dig som är nyexaminerad och brinner för programmering och innovativa lösningar. Delta i Framtidens talangprogram på ABB Ports! Arbetsuppgifter Som junior softwaredesigner på ABB kommer dina huvudsakliga arbetsuppgifter vara att arbeta i olika leveransprojekt där anpassningar av styrsystem och automationslösningar för containerkranar ligger i fokus. Anpassningarna som görs i mjukvaran sker genom tätt samarbete med hårdvaruingenjörerna och är beroende av vart och hur kranen skall användas. Målet är att skapa tillförlitliga, effektiva och säkra anpassningar av kransystemet, vilket kräver ett kreativt, lösningsorienterat mindset då du kommer stå för cirka 50% av designkoden i den slutliga lösningen. Profil Företaget lägger stor vikt vid dina personliga egenskaper, samt till din vilja att utvecklas. Yrket kräver ett genuint ingenjörsintresse och en generell entusiasm för teknik, programmering och innovativa lösningar. Avdelningen är prestigelös och frågor välkomnas varmt – hellre en fråga för mycket än en för lite. Tjänsten innebär samarbeten med både kollegor och kunder runt om i världen vilket innebär att vi söker ytterligare en lagspelare till teamet. Har du även ett praktiskt intresse för hårdvara och hur saker fungerar rent mekaniskt är det bra. Kompetenskrav -Du är som lägst utbildad högskoleingenjör inom datateknik, robotik eller elektroteknik -Du talar och skriver engelska obehindrat -Du har god förståelse och kunskap av PLC-Programmering Meriterande -Du har kunskap av andra programmeringsspråk. Ex, C, C++, Java eller Python -Du talar och förstår ett europeiskt eller utomeuropeiskt språk. Ex, Kinesiska, Tyska eller annat -Tidigare erfarenhet av PLC-programmering Om ABB Ports ABB är ledande inom teknik för elektrifiering och automation och möjliggör en mer hållbar och resurseffektiv framtid. Företagets lösningar kopplar samman ingenjörskunnande och mjukvara för att optimera hur saker tillverkas, flyttas, drivs och styrs. Enheten är specialiserad på avancerade automations- och informationssystem för alla typer av containerkranar, och arbetar i teknikens framkant med sina egenutvecklade sensorsystem för rörelsekontroll av tunga laster. De är den ledande leverantören i branschen och levererar projekt med el- och automationssystem till kunder över hela världen. Mer information om företaget ges vid intervjutillfället. Om Framtiden AB Vi på Framtiden arbetar med både bemanning och rekrytering, vi vill göra skillnad i människors liv. Skillnad gör vi genom att hjälpa människor att hitta rätt jobb och rätt kollega. Vi är specialister på att rekrytera rätt talanger till rätt företag. Framtiden finns på sju orter i Sverige samt i Oslo. Efter Talangprogrammet finns mycket goda möjligheter att gå över i en anställning direkt hos ABB Ports. Framtidens talangprogram Under ett års tid kommer du ha ungefär en utbildningsdag i månaden, utbildningarna är framtagna för att hjälpa dig genom både teknisk kompetensutveckling och stärka dig som individ. Talangprogrammet ger dig en unik möjlighet att bygga relation med de andra deltagarna, byta erfarenheter samt lära känna andra delar av verksamheten. Vårt mål är att du ska ha roligt under året samtidigt som du rustas med viktig kunskap som hjälper dig i arbetslivet. Du kommer expandera ditt nätverk och under året få testa på arbetet på olika avdelningar inom ABB Ports. Rekryteringsprocess -CV-urval -Intervju med Framtiden (rekryteringsbolag) -Intervju med ABB Ports -Drogtest Villkor Startdatum: Augusti 2024 (eller enligt överenskommelse) Ort: Västerås Omfattning: Heltid Arbetstider: Flexibel arbetsplats och arbetstid",anpassningar av styrsystem och automationslösningar för containerkranar,1,71,distinct_skills_list,
44355e148f58cf8bb034583bd88c38f2fe9764e0,Mjukvaruutvecklare till försvarsindustrin,"Företagsbeskrivning AFRY erbjuder tjänster inom teknik, design, digitalisering och rådgivning. Vi är hängivna experter inom industri, energi- och infrastruktur, som skapar värde för kommande generationer. AFRY har en global räckvidd med djupa rötter i Norden. Tillsammans accelererar vi omställningen till ett mer hållbart samhälle. Om rollen Är du mjukvaruutvecklare inom inbyggda system och har ett genuint intresse för teknik? För vår kunds räkning söker vi dig som vill jobba inom försvarsindustrin. Behovet av mjukvaruutveckling inom området växer och vi behöver bli fler. Här får du chansen att utveckla produkter som bidrar till direkt samhällsnytta. Kunden är en global aktör inom försvar- och säkerhet, verksam inom flyg-, land- och marinförsvar, civil säkerhet och kommersiell flygteknik. De erbjuder sina kunder effektiva lösningar för övervakning, säkerhet och beslutsstöd samt för upptäckt och skydd av hot. Tekniskt är de ledande inom många områden och en femtedel av deras intäkter går till forskning och utveckling. För att lyckas i rollen är det viktigt att kunna arbeta strukturerat och följa formella processer, då utvecklingen ofta är säkerhetskritisk. Gällande själva utvecklingen kommer du att arbeta primärt med C/C++/ADA/Python och hårdvarunära programmering och vara en viktig del i utvecklingen av kundens framtida produkter. I rollen kommer du även att vara delaktig i övriga delar av utvecklingsprocessen, exempelvis genom systemarbete, kravhantering, test och leverans. Kravspecifikation Som person är du kommunikativ och kreativ med en nyfikenhet på nya och spännande utmaningar. Du gillar även att dela idéer och samarbeta med kollegor. Du kommer ha möjlighet att sätta din prägel på teamets framgång och leverera lösningar i teknikens framkant. I det dagliga arbetet är du med och bidrar till ett gott arbetsklimat och en god teamkänsla. För att lyckas i rollen har du: Relevant teknisk utbildning på högskolenivå inom data, elektronik, mekatronik eller inbyggda system, teknisk fysik eller motsvarande. Minst 2 års erfarenhet av mjukvaruutveckling, gärna inom försvar eller annan reglerad verksamhet. Goda kunskaper i C och/eller C++ Goda kunskaper i Svenska och Engelska i tal och skrift är ett krav. Svenskt medborgarskap (på grund av arbete i försvarsverksamhet) Boendes i Sverige Då tjänsten innebär arbete som omfattas av försvarssekretess krävs det att du genomför och godkänns i en säkerhetsprövning med registerkontroll. Ytterligare information Kontakt för frågor: Maja Lindqvist Recruitment **** På AFRY driver vi förändring i allt vi gör. Vi anser att förändring sker när modiga idéer möts, när vi samarbetar, skapar innovation och omfamnar kreativa lösningar, det är så vi skapar framtiden. Vi söker konstant kvalificerade kandidater som vill ansluta sig till våra inkluderande team runt om i världen. Bli en del av oss och påskynda den gröna omställningen På AFRY driver vi förändring i allt vi gör. Vi anser att förändring sker när modiga idéer möts, när vi samarbetar, skapar innovation och omfamnar kreativa lösningar, det är så vi skapar framtiden. Vi söker konstant kvalificerade kandidater som vill ansluta sig till våra inkluderande team runt om i världen. Bli en del av oss och påskynda den gröna omställningen",försvarsindustrin | försvar | annan reglerad verksamhet,3,55,distinct_skills_list,
e8d9b76a4eed6628f045604434b8d3a4d40acfd2,Systemutvecklare .NET till Myndighet,"Vi söker en erfaren Systemutvecklare .NET till Myndighet inom det svenska kraftnätet. Detta är ett konsultuppdrag. Tjänsten är på heltid. Uppdraget innebär ett nära samarbete med kunden vilket ställer stora krav på flexibilitet och samarbetsförmåga. Uppdraget Myndigheten är den som ansvarar för att elöverföringssystemet är säkert, miljöanpassat och kostnadseffektivt - i dag och i framtiden. Myndigheten drivs i form av ett statligt affärsverk. Svenska kraftnät har drygt 1000 medarbetare, varav de flesta arbetar från huvudkontoret i Sollentuna. Uppdraget omfattar att vara en erfaren systemutvecklare i IT-förvaltning och/eller i utvecklings- och implementeringsprojekt och som kan ta en tech-lead roll i ett utvecklingsteam och introducera och guida mer juniora kollegor och samtidigt bidra med att utveckla och vidareutveckla säkra och robusta IT-system. Uppdraget kan även innebära arbete i andra projekt och förvaltningar där utveckling och hantering av befintliga system och webbapplikationer ingår. Uppdraget kan medföra arbete både i större och mindre team. Beroende på teamets storlek kan även arbete med allt från krav och UX-delar till test och koordinering med andra intressenter ingå. Myndigheten arbetar agilt och leveranser sker ofta i sprintar. Systemen som utvecklas och förvaltas ska också möta högt ställda krav på IT-säkerhet. Arbetsuppgifter Rollen som systemutvecklare i projekt och förvaltningar innehåller bl.a. följande arbetsuppgifter: - Design, implementation och test av systemlösningar - Ta fram eller uppdatera dokumentation i form av krav- och designdokument - Ta fram eller uppdatera systemdokumentation - Samarbete inom teamet men även med andra delar av organisationen och stötta mer juniora teammedlemmar med att ta fram tekniska lösningar. - Hantera incidenter, där felsökning och buggrättning kan ingå, samt bistå i övrigt i IT-förvaltningen av våra applikationer. Krav (OBS, obligatoriska) Högskole/universitetsutbildning 120p/180hp inom IT, alternativt yrkeshögskoleutbildning omfattande minst 400 yrkeshögskolepoäng inom IT där systemutveckling i .NET-har ingått. Minst 10 års arbetslivserfarenhet av systemutveckling med ASP.NET Minst 10 års arbetslivserfarenhet av systemutveckling mot MS-SQL databaser Minst 5 års arbetslivserfarenhet av systemutveckling med .Net Core Minst 5 års arbetslivserfarenhet av konfiguration av webbapplikationer i Windows Server och IIS. Minst 5 års arbetslivserfarenhet av systemutveckling med Entity Framework Core Minst 5 års arbetslivserfarenhet av att utveckla REST API:er Minst 2 års arbetslivserfarenhet av att utveckla system med mikrotjänstarkitektur Minst 2 års arbetslivserfarenhet av systemutveckling med HTML, CSS och JavaScript Meriterande Deltagit i minst 2 projekt där CI/CD Pipelines har implementerats i Azure DevOps Minst 2 års arbetslivserfarenhet av att ha arbetat med Git som versionshanteringssystem. Minst 2 års arbetslivserfarenhet av arbete som systemutvecklare inom elmarknads- eller kraftsystemområdet. Om oss Centios övergripande mål är att vara ett konsultbolag som erbjuder smarta och hållbara lösningar som utvecklar samhället på ett positivt sätt. Våra medarbetare erbjuds villkor som är anpassade för individen. Det innebär att arbetstider, arbetsomfattning, arbetsplats och kompetensutveckling så långt som möjligt anpassas utifrån medarbetarens behov. Bland våra medarbetare hittar du engagerad personer som brinner för samhällsutveckling. Vi jobbar i små grupper där du kan bidra med dina erfarenheter samtidigt som du får ta del av andras kunskap och erfarenhet. För oss är det viktigt med välmående och att hitta en sund balans mellan arbete och fritid. Därför har vi en nollvision mot stress och sätter trivsel och hälsa främst. Läs gärna mer om oss på centio.se. Vänligen skicka ditt CV på svenska. Vi ser fram emot din ansökan!",elmarknads- eller kraftsystemområdet,1,36,distinct_skills_list,
29fdbf83b8129345c9d96196223de16aeadea161,ALTEN Industry söker Mjukvaruutvecklare,"Se hit! Har du tidigare erfarenhet av mjukvaruutveckling eller systemutveckling och är sugen på att ta dig an nya utmaningar inom Flyg och Försvar? Då borde du ansöka direkt! VAD ERBJUDER VI? På ALTEN är varje individ lika värdefull när vi utvecklar morgondagens värld idag. Vi möter framtida utmaningar genom att bidra med relevant kompetens i våra kunders projekt och ge våra medarbetare möjlighet att nå sin fulla potential. Det gör vi genom att erbjuda tekniska utmaningar, utvecklande möjligheter, inspirerande gemenskap och chansen att bidra till en hållbar framtid. Vi är övertygade om att din utveckling styrs av din passion och drivkraft. Genom att vara verksamma inom flera olika branscher kan vi erbjuda ett brett utbud av uppdrag och en möjlighet att påverka både din omvärld och din egen utveckling framåt. Med ett coachande ledarskap guidar våra ledare dig i rätt riktning. Vi erbjuder även personliga utbildningsmöjligheter genom din individuella utbildningsbudget, som du kan nyttja i vår interna ALTEN Academy eller på externa kurser. På ALTEN finns alla möjligheter till inspirerande gemenskap och att få göra det du tycker är roligt, tillsammans med dina kollegor. Vi har flera interna nätverk, såsom ALTEN Sports och **** där du ges möjlighet aktivera dig tillsammans med dina kollegor eller driva frågor och ämnen som just du brinner för. För oss är balansen mellan arbete och fritid viktig – därför ger vi dig tre extra lediga dagar per år. Dessutom är alla våra anställda anslutna till kollektivavtal och erbjuds förmåner så som friskvårdsbidrag, tjänstepension och försäkringar. DIN ROLL SOM MJUKVARUUTVECKLARE Som mjukvaruutvecklare hos ALTEN så kommer du spela en nyckelroll i att stärka sektionen för integration av mjukvara och hårdvara. Du kan även få möjligheten att ta dig an roller som systemägare, systemutvecklare eller systemarkitekt. VI LETAR EFTER DIG SOM HAR: Vår främsta prioritet är att alltid matcha dig mot uppdrag som intresserar dig. För denna roll söker vi ingenjörer inom alla erfarenhetsnivåer, från några års erfarenhet till väldigt Senior. Beroende på din bakgrund och intresse kan rollen variera från mjukvaruutveckling, systemutveckling, systemarkitektur, testintegration av mjukvara & hårdvara till att även inkludera mer management som teamleader eller teknisk ledare. Vi lägger även stor vikt vid att du har ett genuint intresse och erfarenhet av utveckling inom Inbyggda System. ALTEN har i fyra år i följd utsetts till en av Sveriges mest attraktiva arbetsgivare av Karriärföretagen, en utmärkelse för arbetsgivare som erbjuder unika karriär- och utvecklingsmöjligheter.",Flyg | Försvar,2,14,distinct_skills_list,
8e51da2095b0e09998af14f1bafb5f65973a7c36,SW Release Manager,"Arbetsuppgifter Vill du vara en del av ett framåtblickande företag inom bilindustrin och arbeta med utveckling och leverans av mjukvara? Ditt ansvar kommer att omfatta: Koordinera och följa upp kalibreringsleveranser. Hantera avvikelser i leveranser tillsammans med projektledning och utvecklingsgrupper. Konstruera programvarufiler och leverera dem till produktion och eftermarknad. Hantera extra releaser för kvalitetsproblem i fält. Upprätthålla kalibreringsbibliotek och databas. Vidareutveckla och kvalitetssäkra processer för kalibrering. Du har en god kommunikativ förmåga och kan leda och engagera andra på ett effektivt sätt. Vidare är du ansvarstagande, initiativrik och strukturerad, med förmåga att snabbt förstå och omvandla verksamhetsbehov till konkreta krav. Vi värdesätter också att du är flexibel och anpassningsbar, med en vilja att ständigt lära dig och utvecklas. Företagspresentation Vår kund är ledande inom fordonsindustrin och finns i 100 länder. I Sverige är huvudkontoret strax utanför Stockholm och här arbetar man med omställningen för ett hållbart transportsystem och skapar en värld av mobilitet som är bättre för både företagen, samhället och miljön. När du blir en av oss Som konsult hos JobBusters kan du känna dig trygg med ett kollektivavtal i ryggen, tillgängliga konsultchefer och engagerade rekryterare. Du som konsult får även tillgång till vårt nätverk av spännande företag och uppdragsgivare! För oss är det viktigt att du som konsult trivs, känner en trygghet och gemenskap till oss som arbetsgivare. Vi erbjuder tjänstepension, löneväxling och möjlighet till flexpension. Du får även tillgång till vår förmånsportal, där du utöver friskvårdsbidrag har tillgång till mängder av rabatter och erbjudanden inom hälsa, hem och fritid, transport, sjukvård och mycket mer! Ditt välmående är av högsta prioritet för oss och vi erbjuder därför dig som anställd Företagshälsovård för att hantera vardagens alla utmaningar, både på jobbet och i privatlivet. Lön Enligt överenskommelse. Tillträde och ansökan Heltid, kontorstider. Vår kund önskar start 2024-10-14 och uppdraget förväntas löpa t.o.m. 2025-06-14 med möjlighet till förlängning. Du kommer att vara anställd av JobBusters som konsult hos vår spännande kund. Vi går igenom ansökningarna löpande och i konsultvärlden går processerna oftast snabbt. Rollen kan komma att tillsättas innan sista ansökningsdatum, vänta därför inte med att skicka in din ansökan (gärna i Word-format). Sista ansökningsdag är 2024-09-24.",bilindustrin,1,12,distinct_skills_list,
2e0778f28450942118eb7bd9d32bf4f4245fbc07,Mjukvaruutvecklare till Arho AB – Utveckla framtidens automationslösningar!,"Är du en skicklig och nyfiken mjukvaruutvecklare som vill arbeta i teknikens framkant inom industriell automation och robotik? Hos Arho AB får du möjligheten att kombinera din passion för programmering med praktisk tillämpning i innovativa automationsprojekt för några av Sveriges mest spännande industriföretag. Om rollen: Som mjukvaruutvecklare hos Arho AB kommer du att utveckla och implementera mjukvara för avancerade automations- och robotsystem. Du blir en nyckelperson i vårt tekniska team, där du arbetar nära både mekanik- och elavdelningar, samt projektledare och kunder. Ditt arbete kommer att sträcka sig från systemarkitektur och programmering till integration, testning och driftsättning. Du gillar att lösa problem och se din kod komma till liv i verkligheten. Du är nyfiken, noggrann och har en god förståelse för tekniska system som helhet. Du trivs i samarbete med kollegor med olika kompetenser och tycker om att jobba nära både teknik och kund. Om Arho AB Arho AB är ett ledande och innovativt företag inom robotteknik och automation. Sedan 1970-talet har vi utvecklat och levererat skräddarsydda automationslösningar till några av Sveriges största industriföretag – bland annat inom fordonsindustrin, livsmedel, plast och förpackning. Vi arbetar med kunder som Volvo AB, Meritor och flera andra företag som satsar på automatiserad produktion i Sverige. Vårt mål är att hjälpa dem att öka sin effektivitet, kvalitet och konkurrenskraft med moderna tekniklösningar. Hos oss får du en central roll i en växande organisation med stora möjligheter till utveckling, variation och ansvar. Vi är ett sammansvetsat team med stark teknisk kompetens, egen tillverkning och ett stort driv att utvecklas tillsammans. Vi erbjuder: Start: Enligt överenskommelse Anställning: Heltid, tillsvidare Arbetstider: Flextid med möjlighet till distansarbete Plats: Hallsberg Ansök nu! Är du redo att ta nästa steg i din karriär som mjukvaruutvecklare inom automation och robotik? Skicka in din ansökan idag och bli en del av Arho AB:s framtidssatsning!",industriell automation och robotik,1,34,distinct_skills_list,
62c870348b798cb7682ca1f1f15ca4d2a49e5017,Android Utvecklare,"Välkommen till Danda – Din Partner för Strategisk Konsultation och Innovation På Danda är vi dedikerade till att hjälpa företag att navigera och blomstra i en snabbt föränderlig affärsvärld. Vi är ett ledande konsultbolag med expertis inom strategi, IT, digital transformation och affärsutveckling. Vårt team består av erfarna konsulter som kombinerar djup branschkunskap med en innovativ ansats för att leverera skräddarsydda lösningar som driver tillväxt och effektivitet. Vi på Danda tror på kraften i nära samarbete. Genom att arbeta sida vid sida med våra kunder säkerställer vi att varje projekt inte bara uppfyller deras nuvarande behov, utan även positionerar dem för långsiktig framgång. Oavsett om det handlar om att optimera processer, implementera nya teknologier eller utveckla hållbara affärsstrategier, är Danda den partner du kan lita på. Vår filosofi är enkel: vi levererar resultat som gör skillnad. Vi sätter kundens mål i centrum och anpassar våra tjänster för att möta de unika utmaningar som varje företag står inför. Med Danda vid din sida får du en partner som är lika engagerad i din framgång som du är. Nu söker vi nästa stjärna! : Kvalifikationer B.Sc./M.Sc. i datavetenskap, mjukvaruteknik, elektronik eller motsvarande. 5+ års erfarenhet av Android-programmering med Kotlin och Java. B.Sc./M.Sc. i datavetenskap, mjukvaruteknik, elektronik eller motsvarande. Minst 1 års arbetslivserfarenhet inom fordonsindustrin. God förståelse för Linux-operativsystem. Erfarenhet av att arbeta med ramverk som Android Open Source Project (AOSP). Kunskap om mjukvaruvalidering och testutveckling, enhetstestning. Erfarenhet av att använda tekniker för kvalitetssäkring av mjukvara som enhetstestning och integrationstestning med relevanta verktyg, t.ex. Espresso, jUnit, Mockito. Erfarenhet av att arbeta med MVP-, MVVM-bibliotek. Flytande i engelska (skriftligt och muntligt). Giltigt arbetstillstånd i Sverige. Meriterande Kunskap i C++ och/eller Python. Erfarenhet av iOS, MacOS. Erfarenhet av att använda verktyg som UnReal. Svenska kunskaper är mycket meriterande. Vad vi erbjuder: En snabb och dynamisk arbetsmiljö med fokus på teknik. Möjligheter till professionell tillväxt och karriärutveckling. Konkurrenskraftig ersättning och förmånspaket. Chansen att vara en del av ett team som formar framtidens produkter. En stödjande och inkluderande företagskultur som värdesätter kreativitet och innovation.",fordonsindustrin,1,16,distinct_skills_list,
b538dd3a43282b4e5b082443a9a6b253a4735608,Tech lead till startup inom hälsoteknik,"Tech Lead – Startup inom hälsoteknik Är du en grym utvecklare i början av din karriär med en passion för teknik och innovation? Vill du vara med och bygga digitala lösningar som gör skillnad för människors liv, samtidigt som du sätter den tekniska riktningen för framtiden? Vi söker nu för vår kunds räkning en Tech Lead som vill leda utvecklingen av en innovativ produkt och bli en nyckelperson i ett kreativt och passionerat team. Om företaget: Företaget är en hälsoteknikstartup som utvecklat en innovativ digital lösning för en utvald målgrupp inom offentlig sektor. Företaget har en fungerande produkt och kunder men är i ett tidigt skede av sin utvecklingsresa. Gänget som driver bolaget har ett stort engagemang och brinner för att skapa hållbara lösningar som bidrar till en bättre vardag. Om rollen: Som Tech Lead kommer du att spela en nyckelroll i företagets tekniska utveckling och leda den strategiska riktningen för tekniken. Du kommer att ansvara för att utveckla och underhålla företagets SaaS-plattform med fokus på hög tillgänglighet, pålitlighet och skalbarhet. Du kommer att driva utvecklingen och arbeta nära det övriga teamet på bolaget. Du får en avgörande roll i att fatta tekniska beslut, säkerställa hög kvalitet i både kod och arkitektur, och genom din erfarenhet bidra till att utveckla produkten till nästa nivå. Dessutom kommer du att vara en viktig strategisk partner i att forma företagets tekniska plattform och framtida inriktning. Företagets teknikstack och verktyg inkluderar: Elastisys managed kubernetes PostgreSQL Python Node.js Next.js React TypeScript Dina ansvarsområden: Driva utveckling av företagets SaaS-plattform. Säkerställa att företaget har en arkitektur, kodbas och teknikstack som är säkert, skalbar, stabil och framtidssäker Samarbeta med produktägare för att förstå och omsätta produktkrav till tekniska specifikationer. Vara teknisk kontakt mot företagets samarbetspartners och teknisk representant i kundprojekt. Att bygga ett robust ramverk med CI/CD, automatiserade tester, releaser och återanvändbara komponenter för vår SaaS-plattform. Främja arbetssätt för snabb utveckling och hög kvalitet. Säkerställa att utvecklingsorganisationen minimerar teknisk skuld. Utveckla och implementera en långsiktig teknisk strategi och vision för plattformen. Utforska och utvärdera nya teknologier och verktyg för att förbättra företagets produkt och utvecklingsprocess. Delta i beslutsfattande på företagsnivå för att säkerställa att tekniska lösningar ligger i linje med företagets affärsmål och tillväxtstrategi. Vem är du? Några års erfarenhet som utvecklare, gärna i mer än ett språk från vår teknikstack, samt erfarenhet av att designa och bygga skalbara och säkra system. Du uppskattar att både arbeta på en strategisk nivå mer arkitekturfrågor såväl som konkreta operativa utvecklingsfrågor. Erfarenhet av systemarkitektur och att utveckla tekniska strategier, gärna inom hälsosektorn eller andra reglerade miljöer. Du har bred kunskap och ett brinnande intresse för programmering och utveckling. Du har kunskap och erfarenhet av API:er och integration. Goda kunskaper inom molntjänster (Google Cloud), moderna utvecklingsmetoder (Kubernetes), och DevOps-principer. Stark problemlösningsförmåga och kreativt tänkande. Språkkrav - Flytande svenska engelska. Ett starkt engagemang för att skapa innovativa lösningar inom hälsa och intresse för att arbeta i en dynamisk startupmiljö. Företaget erbjuder: Möjligheten att vara en nyckelspelare i en startup som skapar nya förutsättningar inom offentlig sektor. En dynamisk och stimulerande arbetsmiljö med högt i tak och korta beslutsvägar. Flexibla arbetstider och möjlighet att arbeta på distans. Arbete på kundens kontor i Stockholm förväntas ske vid ungefär ett tillfälle per månad. I övrigt är det möjligt att vara stationerad på valfri ort i Sverige. Möjlighet till aktieoptioner. Stort utrymme för personlig utveckling och möjlighet att påverka företagets produkt och tekniska riktning. Kollektivavtal enligt TechSverige. Urval sker löpande så vänta inte med din ansökan. Varmt Välkommen! Mer om NXT Interim: www.nxtinterim.se NXT Interim och NXT Rekrytering är ett nischat och innovativt företag som är verksamma inom konsult och rekryteringsbranschen. Vi är verksamma inom HR, IT, Ekonomi, samt Sälj Marknad och erbjuder paketerade tjänster som de traditionella företagen inte erbjuder idag. Vi har över 20 års erfarenhet inom branschen samt ca 5000 unika kontakter för att kunna hjälpa just er. Vårt agila och innovativa sätt att arbeta präglar vår verksamhet, men gör även att vi oftast ligger steget före i processen. Genom ett modernt, digitalt och GDPR anpassat system tar vi oss säkert genom processen med största sekretess innan vårt första möte.",hälsosektorn | andra reglerade miljöer,2,38,distinct_skills_list,
a0270446be9b712ca74962cd6c12cd91cf6dc0db,Software Engineer,"Diadrom växer!Vi ser stor efterfrågan på våra tjänster och vill nu växa med fler profiler inom inbyggda system. Det finns flera roller inom området men gemensamt är att Du ska ha ett intresse för att jobba nära hårdvaran eller inom produktutveckling .På Diadrom lägger vi stort fokus på personlig utveckling, mentorskap och spännande uppdrag. När du börjar hos oss får du tillgång till Diadrom Academy med kurser så som Diagnostik (både övergripande och mer djupgående) samt andra kurser som förbereder dig för kommande uppdrag. ArbetsuppgifterDiadrom jobbar i stor utsträckning med att hjälpa våra kunder i deras befintliga projekt och som framtida Diadromare kommer du att vara en del av dessa. Det vi främst jobbar med är Autotech inom Automotive. Både hos oss och hos våra kunder arbetar vi agilt i team där du får utrymme att vara kreativ och vara en aktiv del av problemlösningen redan från start. Så tycker du om detta kommer du att trivas hos oss! Vår Software Engineer är en person som har en B.Sc eller M.Sc inom datateknik, mekatronik, mjukvaruutveckling eller annat relaterat tekniskt område vill jobba nära hårdvaran har intresse för språken C, C++ eller Python kan uttrycka sig i tal och skrift både i svenska och engelska har Bkörkort (eller på väg att ta) Har du tidigare erfarenheter av att jobba med inbyggda system som utvecklare eller systemingenjör är det naturligtvis ett stort plus.",Autotech inom Automotive,1,24,distinct_skills_list,
953cb2024dc0a0cd62587f4dfb91d8a4c0fc368f,Mjukvaruutvecklare Dash11,"Gå med i vårt team på VIPAS AB! Har du vad som krävs för att trivas i den dynamiska IT-konsultvärlden? VIPAS AB, ett växande företag, bjuder in dig att ta del av nästa spännande projekt som vår nya medarbetare! Om VIPAS: Föreställ dig en värld där din affärsteknik är sömlöst anpassad till dina mål – effektiv, skalbar och innovativ. På VIPAS AB är detta vår vision och drivkraft. Vi är mer än ett IT-konsultföretag – vi är din strategiska partner för att utveckla skräddarsydda lösningar med den senaste tekniken, såsom Java och Python. Med djup expertis inom mjukvaruutveckling, DevOps och ingenjörskonst säkerställer vårt erfarna team att du navigerar den moderna teknikens landskap med trygghet, innovation och långsiktig framgång. Jobbeskrivning: Minst 8-12 års erfarenhet inom aktuellt området på heltid. Uppdraget innebär att flytta hem en mjukvarumiljö som delvis utvecklats av företaget i Tyskland samt vidareutveckling av denna. Initialt kommer konsulten att arbeta med projektet ganska mycket på egen hand med stöd av utvecklare från både företaget i Sverige och företaget i Tyskland. Därför är det viktigt att konsulten är självgående och kommunikativ samt har breda erfarenheter med sig. Kunskaper inom tyska och erfarenhet av tyskt näringsliv är meriterande. Så är naturligtvis även tidigare erfarenheter inom försvarsindustri, eller radiosystem. Personen måste klara av en säkerhetsklassning och ha godkänt RK2 innan uppdraget inleds. Varför jobba hos oss? VIPAS AB erbjuder attraktiva anställningspaket för IT-konsulter, i enlighet med Teknikföretagens (Almega) kollektivavtal. Att arbeta med oss innebär möjligheter inom olika branscher, vilket ger dig flexibilitet och möjligheter till utveckling. Om du är drivande och redo att anta nya utmaningar, är VIPAS familjen för dig! Du kommer att vara en del av ett innovativt team som driver framtiden inom telekom, fordon, detaljhandel och bank. Om du är redo att ta dig an utmanande projekt och växa i en banbrytande miljö, är detta möjligheten för dig! Ansök nu Tveka inte att kontakta oss på **** Observera: Ansök gärna om du har permanent uppehållstillstånd, svenskt medborgarskap eller ett giltigt arbetstillstånd för Sverige. Hur ansöker du: Intresserade kandidater uppmanas att skicka in sitt CV och personliga brev. Gå med oss och driv innovation på VIPAS AB! Observera att vi rekryterar löpande, vilket innebär att uppdraget kan stängas innan sista ansökningsdatum. Om du är intresserad rekommenderar vi att du ansöker omedelbart!",tyskt näringsliv | försvarsindustri | radiosystem,3,49,distinct_skills_list,
f5b0b30656339d3244fc311fd1997eef42671e3d,Mjukvaruarkitekt i Stockholm,"Drivs du av mjukvaruutveckling, gillar att lösa problem och ha ett stort helhetsansvar? Då är det dig vi söker! Kund är ett teknikkonsultbolag som arbetar med allt från startups till stora industriföretag, från snabba proof of concepts till långa avancerade projekt inom alla möjliga branscher. Som exempelvis, medicinteknik, förvaret, energi och internet of things. Tjänsten är en direktrekrytering vilket innebär att rekryteringsprocessen sker genom Futuria People men du kommer anställas direkt hos kund. Om tjänstenSom mjukvaruarkitekt kommer du att:- Sätta upp och designa arkitekturen i mjukvaruprojekt.- Genomföra tekniska analyser och ge råd kring mjukvaruutveckling.- Agera förebild och bollplank för utvecklare.- Förstå, definiera och förfina krav tillsammans med kunder.- Ta fram och förklara tekniska specifikationer.- Gå in och koda där det behövs. Vi söker dig som Du har en relevant ingenjörsexamen. Minst 4 års erfarenhet som mjukvaruutvecklare/ingenjör och vara redo att ta nästa kliv. Förståelse för mekatronik Du arbetar strukturerat, drivande och lösningsfokuserat. Du kan kommunicera väl på engelska och svenska i tal och skrift. Meriterande Bakgrund från Medtech eller Cybersecurity Instrumentbakgrund (gärna mot medtech) Du erbjuds Kundsträvar efter innovation och utveckling och vilar påtvå prioriteringar: deras medarbetare och deraskunder. Goda möjligheter till utveckling och en variation av uppdrag. God marknadsmässig lön Möjlighet till spännande uppdrag och knyta många kontakter både internt och externt Beroende på uppdrag finns det chans till distansarbete några gånger i veckan. Futuria Peopleär rekryteringsföretaget som hjälper individer att ta nästa steg i sin karriär och företag att attrahera nya medarbetare. Genom uppsökande rekrytering och kvalitativ annonsering har vi hjälpt hundratals kandidater till ett nytt jobb och en mer stimulerande vardag.",mekatronik,1,10,distinct_skills_list,
e4223b3f3e3b1f1ed15ac0720cf0a3ec6132a16d,Mjukvaruutvecklare,"Brinner du för mjukvaruutveckling och programmering? Vill du arbeta mot världsledande kunder? Är du en junior eller senior ingenjör? Vi har intressanta uppdrag för alla! Vi söker dig som vill bli en del av vårt team! Vilka är vi? Astek Sweden är ett teknikkonsultbolag som prioriterar sina medarbetare högt. Det är viktigt för oss att ge våra medarbetare spännande uppdrag. Vi är stolta över vårt företags unika familjekänsla. Vi värderar kompetens och en trygg miljö högt, vilket vi tror bidrar till en trivsam och motiverande arbetsplats. Vi erbjuder sociala aktiviteter som hjälper medarbetarna att lära känna varandra bättre. Vi hoppas att du vill bli en del av vår familj! Om rollen: Som Mjukvaruutvecklare på Astek, ger vi dig möjlighet att arbeta brett inom produktutveckling, främst inom fordonsindustrin. Vi matchar dig med uppdrag hos våra kunder som intresserar dig. Genom utbildning och täta samtal med våra konsulter prioriterar vi dina önskemål om personlig utveckling och dina individuella mål inom arbetet. Som Mjukvaruutvecklare kommer du att vara en del av ett agilt utvecklingsteam. Du kommer att vara en viktig del i att utveckla ny funktionalitet för teknik som ligger i framkant. Här har du chansen att på ett kreativt sätt jobba med problemlösning och optimering tillsammans med kunniga kollegor. I ditt arbete kommer du bland annat att: Utforma mjukvara Arbeta tätt ihop med systemingenjörer och testingenjörer för att uppnå önskvärd funktionalitet Arbeta med verifiering av mjukvara Din profil: Du trivs med att arbeta i en omväxlande miljö som utmanar dig på ett positivt sätt. Du har förmågan att analysera information och prioritera dina aktiviteter därefter. Du tar ansvar för både teamets och dina åtaganden. Personligt engagemang och samarbete är nyckelfärdigheter för din framgång. Vi rekryterar kontinuerligt, så sök redan idag! Kontakta oss gärna om du har ytterligare frågor.",fordonsindustrin,1,16,distinct_skills_list,
89da494a8b9adaae965ffd3c5ccf0e88a21d05f3,SOFTWARE ENGINEER - GARO E-mobility,"GARO är ett företag, som under eget varumärke, utvecklar och tillverkar innovativa produkter och system inom elinstallation och elbilsladdning. Med fokus på användarvänlighet, hållbarhet och design tar GARO ett tydligt helhetsansvar. Koncernen har ca 400 anställda med operativ verksamhet i Sverige, Norge, Finland, Irland, Polen, Storbritannien och Tyskland. Försäljningen är fördelad på affärsområdena GARO Electrification och GARO E-mobility. Huvudkontoret ligger i svenska Gnosjö. Produktionsenheter finns i Sverige och Polen. GARO är noterad på Nasdaq Stockholm OMX, Mid Cap. Affärsidén är att med fokus på innovation, hållbarhet och design utvecklar GARO lönsamma helhetslösningar. Vill du vara med och utveckla framtidens laddlösningar för elfordon? Är du en driven fullstackutvecklare med erfarenhet av molnuppkoppling och mjukvaruutveckling? Då kan detta vara din nästa utmaning! GARO E-Mobility söker nu en Software Engineer som vill vara en del i ett innovativt företag i framkant inom hållbara energilösningar. Vi bygger framtidens produkter och tjänster för elbilsladdning, där du får möjligheten att arbeta med helheten – från firmware till molnbaserade tjänster och slutanvändarapplikationer. Arbetsveckan i korthet: • Vidareutveckling av molnbaserade system och databaser eller mer hårdvarunära system (Firmware). • Utveckla samarbeten med externa partners baserat på delning av data. • Delta i sprinter som sträcker sig mellan 4–12 veckor och resulterar i en ny frisläppt version. • Veckovis planering och prioritering av nyinkomna buggar och funktioner. • Samarbete inom R&D-teamet och justering av teamets resursanvändning. • Bevaka och driva kostnadsoptimering gällande drift av moln/databaser. • Ta ansvar för funktionsområden och hantera beställning av nya funktioner. Vem är du? Vi söker dig som har erfarenhet av fullstackutveckling och en god förståelse för hela kedjan, från firmware till moln och applikationer. Du har kunskap inom molnlösningar, gärna i AWS, och erfarenhet av databasutveckling samt hantering av molnbaserade databaser. Du har gedigna programmeringskunskaper och förmåga att själv skriva kod. Vidare har du arbetat i större utvecklingsprojekt och är van att samarbeta med olika team. Då beställarkompetens är en viktig del av rollen, är det också viktigt att du har god kommunikations- och projektledningsförmåga. Meriterande är erfarenhet av projektledning och styrning av utvecklingsprocesser såsom Scrum, samt erfarenhet av att äga produkter och hantera produktutveckling. Det är också en fördel om du har arbetat med utveckling inom cloudbaserade system och användargränssnitt (HMI/APP/Web). Erfarenhet av producerande industri samt kännedom om elmaterial och installationsverksamhet är också önskvärt. Kunskap om regulatoriska krav, cybersecurity och AWS är ytterligare meriterande. Vad erbjuder vi? Hos oss blir du en del av en spännande framtidsutveckling där du kan bidra till ett hållbart samhälle. Vi erbjuder en dynamisk arbetsmiljö där du får vara med och forma framtidens teknik för e-mobility. Här får du möjligheten att jobba i en innovativ miljö, där din kompetens gör skillnad. Vi äger egna produktplattformar som täcker hela spektrumet från elkraft, elektronik, firmware, kommunikation, backend och frontend i form av app- och webbgränssnitt. Vi är en praktiskt inriktad organisation där det är nära mellan kund, säljare, produktchef och utvecklare. Vi använder moderna, effektiva styrprocesser för utvecklingsarbetet och arbetar i en snabbt växande bransch. • Tillsvidareanställning, 100%. • Placering: Gnosjö (Hybrid kan diskuteras). • Resor: Förekommer, några gånger per år. Ansökan Låter detta som en tjänst för dig? Skicka in din ansökan så snart som möjligt! I denna rekryteringen samarbetar GARO E-mobility med FSK People.",laddlösningar för elfordon | producerande industri | elmaterial | installationsverksamhet,4,89,distinct_skills_list,
ea8e536b33acb4ed3f20cf4943efa5e64757852b,Mjukvaruutvecklare inom systemlösningar,"Ta ett kliv framåt och hamna steget före tillsammans med oss! Syntronics kontor i Linköping ser ett behov avmjukvaruutvecklaremed kunskaper inom systemlösningar inom snar framtid. Hos oss på Syntronicfår du arbeta med utmanande projekt åt spännande kunder. Vi efterfrågar mjukvaruutvecklare med trygghet i inbyggda system och intresse för systemutveckling. Arbetsuppgifter som mjukvaruutvecklare inom systemlösningar: Alla utvecklingssteg från systemering, implementation, validering till problemlösning Metodiskt utveckla mjukvaruarkitektur och robusta applikationer på hårdvara med tillhörande testramverk Arbeta inom low-level device configuration kopplade till hantering av sensordata, anpassningar av visionsystem och säkerhetsfunktioner inom sektorn Automotive. Mjukvaruutvecklare hos oss har: En högskole- eller civilingenjörsutbildning inom Elektro, Data, Teknisk Fysik eller liknande Genomfört kommersiella kundprojekt inom inbyggda system som mjukvaruutvecklare i nära samarbete med andra discipliner såsom hårdvarudesign och mekanikkonstruktion Erfarenhet i C/C++, Python och/eller MATLAB Kunskap och kan kommunicera flytande på svenska och engelska. Att vi är ett team är vår styrka och därför ser vi gärna att du arbetar på plats på något av våra kontor, de dagar du inte behövs hos någon av våra kunder förstås! Vilka personliga egenskaper är viktiga för en konsult hos oss? Som person kan du hålla ordning i koden samtidigt som har känsla för när du behöver vara kreativ. I din roll som mjukvaruutvecklare tar du hjälp av dina kollegor för att lösa komplexa problem och har en vilja att leverera de bästa lösningarna till våra kunder. Självklart har du ett stort teknikintresse och vill utveckla framtidens teknik tillsammans med oss på Syntronic. Vi erbjuder På Syntronic blir du en del av en härlig gemenskap där din röst hörs och dina idéer välkomnas. Vi erbjuder flexibla arbetstider, balans mellan arbete och fritid samt regelbundna karriärutvecklingssamtal och interna workshops för din utveckling. Utöver detta får du förmånliga förmåner och försäkringar. Hos oss får du inte bara ett jobb - du får en plats att växa och trivas både personligt och professionellt. Välkommen till Syntronic! Ansökan Vi ser fram emot din ansökan, som ska vara oss tillhanda senast 25 maj. Vi arbetar med löpande urval och rekryterar i förebyggande syfte just nu. Av kommunikation- och kvalitetssäkringsskäl ber vi dig att skicka in din ansökan digitalt via vårt system och inte via e-post.",Automotive,1,10,distinct_skills_list,
fc5524ac3f04064213a12d27a7e3655928ab35a3,Systemutvecklare .NET,"Vi söker Systemutvecklare .NET till Myndighet inom det Svenska kraftsystemet. Detta är ett konsultuppdrag. Tjänsten är på heltid. Säkerhetsprövning av konsult krävs med anledning av att konsulten kan komma i kontakt med hemliga uppgifter Uppdraget innebär ett nära samarbete med kunden vilket ställer stora krav på flexibilitet och samarbetsförmåga. Uppdraget Myndigheten är den soansvarar för att elöverföringssystemet är säkert, miljöanpassat och kostnadseffektivt – i dag och i framtiden. Myndigheten drivs i form av ett statligt affärsverk, ochhar drygt 1000 medarbetare, varav de flesta arbetar på huvudkontoret i Sundbyberg. Mycket händer inom elmarknads- och kraftsystemområdena, bl.a. genom energiomställning och utökat nordiskt och europeiskt samarbete. Ett flertal spännande projekt och initiativ pågår hos myndigheten där man bl.a. utvecklar olika stödsystem för att möta nya behov. Uppdraget omfattar att vara en erfaren systemutvecklare i IT-förvaltning och/eller i utvecklings- och implementeringsprojekt och som kan ta en tech-lead roll i ett utvecklingsteam och introducera och guida mer juniora kollegor och samtidigt bidra med att utveckla och vidareutveckla säkra och robusta IT-system. Uppdraget kan även innebära arbete i andra projekt och förvaltningar där utveckling och hantering av befintliga system och webbapplikationer ingår. Arbetsuppgifter Rollen som systemutvecklare i projekt och förvaltningar innehåller bl.a. följande arbetsuppgifter: Design, implementation och test av systemlösningar Ta fram eller uppdatera dokumentation i form av krav- och designdokument Ta fram eller uppdatera systemdokumentation Samarbete inom teamet men även med andra delar av organisationen och stötta mer juniora teammedlemmar med att ta fram tekniska lösningar. Hantera incidenter, där felsökning och buggrättning kan ingå, samt bistå i övrigt i IT-förvaltningen av våra applikationer. KravHögskole/universitetsutbildning 120p/180hp inom IT, alternativt yrkeshögskoleutbildning omfattande minst 400 yrkeshögskolepoäng inom IT där systemutveckling i .NET-har ingått. Minst 10 års arbetslivserfarenhet av systemutveckling med ASP.NET Minst 10 års arbetslivserfarenhet av systemutveckling mot MS-SQL databaser Minst 5 års arbetslivserfarenhet av systemutveckling med .Net Core Minst 3 års arbetslivserfarenhet av konfiguration av webbapplikationer i Windows Server och IIS. Minst 5 års arbetslivserfarenhet av systemutveckling med Entity Framework Core Minst 5 års arbetslivserfarenhet av att utveckla REST API:er Minst 2 års arbetslivserfarenhet av att utveckla system med mikrotjänstarkitektur Minst 2 års arbetslivserfarenhet av systemutveckling med HTML, CSS och JavaScript Meriterande Deltagit i minst 2 projekt där CI/CD Pipelines har implementerats i Azure DevOpsMinst 2 års arbetslivserfarenhet av att ha arbetat med Git som versionshanteringssystem. Minst 2 års arbetslivserfarenhet av arbete som systemutvecklare inom elmarknads- eller kraftsystemområdet Om oss Centios övergripande mål är att vara ett konsultbolag som erbjuder smarta och hållbara lösningar som utvecklar samhället på ett positivt sätt. Våra medarbetare erbjuds villkor som är anpassade för individen. Det innebär att arbetstider, arbetsomfattning, arbetsplats och kompetensutveckling så långt som möjligt anpassas utifrån medarbetarens behov. Bland våra medarbetare hittar du engagerad personer som brinner för samhällsutveckling. Vi jobbar i små grupper där du kan bidra med dina erfarenheter samtidigt som du får ta del av andras kunskap och erfarenhet. För oss är det viktigt med välmående och att hitta en sund balans mellan arbete och fritid. Därför har vi en nollvision mot stress och sätter trivsel och hälsa främst. Läs gärna mer om oss på centio.se. Vänligen skicka ditt CV på svenska. Vi ser fram emot din ansökan!",systemutvecklare inom elmarknads- eller kraftsystemområdet,1,58,distinct_skills_list,
a65416bfd9a6966c0af0c7651fcfa3a4a79ffaa0,Affärsledarakademin,Affärsledarakademin är vägen för dig som vill bli Affärsledare på Berotec. Med bas i tekniken får du möjlighet att agera rådgivare i rollen som Affärsledare på Berotec. Du arbetar med långsiktiga relationer båda till kund och konsult. Genom att vara egna fast tillsammans skapar vi tillsammans en hållbar karriär där du får möjlighet att arbeta utifrån dina egna förutsättningar och intressen när du bygger ditt team och din verksamhet! För att lyckas i rollen tror vi: - Att du har en teknisk bakgrund - Att du har erfarenhet ifrån konsultbranschen - Du har en vilja att leda dig själv och andra - Du har intresse för försäljning och rekrytering - Att du vill driva ditt eget bolag - fast tillsammans med andra! - Du vill skapa en hållbar karriär för dig själv och andra! Läs mer om rollen som Affärsledare här Läs mer om Affärsledarakademin här Läs mer om Hållbar karriär här,konsultbranschen | har intresse för försäljning och rekrytering,2,63,distinct_skills_list,
f7230c79586cd0e76a3b7f534817f1d093548dd7,Mjukvaruutvecklare med intresse för simulering och modellering,"BAE Systems Bofors arbetar med att stärka försvarsförmågan i Sverige och i våra partnerstater världen över. Detta gör vi genom att utveckla, producera och sälja världens mest avancerade försvarsmateriel. Detta ger oss unika möjligheter att kombinera vår långa tradition av lokal expertis med världsledande internationell erfarenhet. Vill du vara med och utveckla en ny programvara för modellering och simulering i en spännande miljö. Tillsammans med teamet kommer du arbeta med utveckling, support och förvaltning av vår simuleringsprogramvara Grindstone som simulerar tekniskt komplexa försvarsprodukter hämtade ifrån verkligheten. Våra värderingar lägger grunden Våra värderingar utgör grunden för allt vi gör. Hög kvalitet, professionalism, innovation och pålitlighet genomsyrar hela vår organisation. Vi, tillsammans med våra underleverantörer, strävar alltid efter teknisk excellens och att ifrågasätta gamla sanningar. I en orolig omvärld är försvarsindustrin viktigare än någonsin, och vi på BAE Systems Bofors tar därför vårt ansvar på största allvar. Nu söker vi dig som vill hjälpa oss att fortsätta säkra försvarsförmågan i Sverige och i våra partnerstater världen över. Bli en del av vårt engagerade team Tjänsten är placerad vid vår utvecklingsavdelning, enheten du kommer att tillhöra består av ca 18 kollegor med kompetens inom bland annat projektledning och systemverifiering. Inom enheten har vi utvecklat en sofistikerad programvara för att simulera olika typer av scenarion med en varierad hotbild som slutanvändarna av företagets produkter kan komma att ställas inför. Våra kunder nyttjar bland annat programmet i syfte att optimera sin stridsteknik och maximera effekten och användandet av våra produkter. Programvaran används även internt inom bolaget vid utveckling av befintliga och nya produkter. Mer information om programvaran hittar du på vår hemsida: https://www.baesystems.com/en/product/grindstone Om tjänsten Programvaran som du kommer vara med att utveckla är inne i en spännande fas där vi nyligen lanserat produkten på marknaden. Ny funktionalitet, arbete med grafiskt användargränssnitt och verifiering är exempel på fokusområden under året. Här finns möjlighet att vara med och sätta ditt avtryck och bidra med din unika kompetens för att göra programmet ännu bättre. Teamet som arbetar med programvaran består av en grupp kompetenta kollegor som innehar hög kompetens i företagets produkter och mjukvara. Vi tillämpar ett agilt arbetssätt och arbetar enligt SCRUM. I den här tjänsten trivs du som vill arbeta i ett mindre team med utveckling av mjukvara. Utvecklingsarbetet är stundtals komplext då syftet är att återspegla verkliga produkter. Produkterna i sig är ytterst avancerade och vi hoppas därför att du är sugen på en rejäl utmaning! Kvalifikationer - Minst ett par års arbetslivserfarenhet som mjukvaruutvecklare/systemutvecklare. - En teknisk eftergymnasial utbildning så som dataingenjör, systemvetare, elektronikingenjör, teknisk fysik eller annan utbildning som arbetsgivaren anser vara relevant. - Goda kunskaper i C++. - Goda kunskaper i svenska och koncernspråket Engelska, både i tal och skrift. Det är meriterande om du har - Erfarenhet av arbete med OpenGL. - Erfarenhet av arbete med fysiksimulering. - Erfarenhet av arbete med CAD-program. - Erfarenhet från Försvarsmakten eller försvarsindustrin. - Erfarenhet i utbildarrollen då kundkontakt, utbildning och support förekommer. För att lyckas i rollen är du en utvecklingsorienterad person med god analytisk förmåga. Du gillar att lösa problem, självständigt och i samråd med andra liksom lockas av möjligheten att vara med och bygga upp något nytt. Då du kommer att arbeta i miljöer med säkerhetsskyddsklassificerad information kommer det ställas mycket höga krav på integritet, omdöme och säkerhetsmedvetande. Att arbeta hos oss På BAE Systems Bofors får du chansen att växa och utvecklas i en stimulerande arbetsmiljö där vi satsar på både din personliga och professionella utveckling. Vi ser till att du får en bra start hos oss genom en grundlig introduktion och kontinuerligt stöd från en dedikerad handledare. Vi värdesätter både ditt välmående och din utveckling, vilket innebär att du inte bara får möjlighet att växa i din roll utan även kan påverka din hälsa och trivsel. Vi har generösa flextider för att du ska kunna hitta en bra balans i livet och erbjuder förebyggande insatser som hälsokartläggningar och företagshälsovård. Vårt mål är att du ska må bra både på kort och lång sikt. Som tillsvidareanställd på BAE Systems Bofors får du ta del av flera förmåner, som vårt aktieprogram, friskvårdsbidrag och föräldralön. Dessutom arrangerar vi uppskattade sociala aktiviteter och ger dig tillgång till ett modernt och välutrustat gym. Utöver det har vi ett tryggt och närvarande ledarskap där medarbetarskapet står i centrum. Vi är stolta över vår familjära atmosfär där professionalism och gemenskap går hand i hand. Vi ser och stöttar varandra vilket skapar en arbetsplats där expertis och relationer samspelar. På BAE Systems Bofors blir du en del av ett innovativt och professionellt företag som gör skillnad på riktigt. Information och ansökan Vi jobbar med löpande urval i den här rekryteringsprocessen, vilket betyder att tjänsten kan komma att bli tillsatta innan annonstiden löper ut. Vänta därför inte med att skicka in din ansökan! BAE Systems Bofors eftersträvar en jämnare könsfördelning och ser därför gärna kvinnliga sökande. Befattningen innebär arbete i säkerhetskänslig verksamhet och kräver godkänd säkerhetsprövning enligt §1 kap. 3 Säkerhetsskyddslagen (2018:585). I förekommande fall kan även krav om visst medborgarskap förekomma.",Försvarsmakten | försvarsindustrin,2,34,distinct_skills_list,
3fc97a60224060874af390a4f38f6d8cd7e7fdcf,Fullstackutvecklare till Riksbyggen,"På uppdrag av Riksbyggen söker vi nu en fullstackutvecklare till Tjänsteområde Utveckla boendemiljöer – en roll för dig som vill kombinera teknisk bredd med samhällsnytta i en långsiktig och stabil organisation. Om Riksbyggen Riksbyggen är kanske inte det första bolaget man tänker på när man hör ordet IT – men det borde vara det. Som en av Sveriges största samhällsbyggare kombinerar Riksbyggen över 80 års erfarenhet av fastighetsutveckling med ett starkt tech-fokus. Här byggs inte bara hus och boenden – här byggs också moderna, smarta IT-lösningar som stöttar hundratusentals människor i deras vardag. Riksbyggen utvecklar hållbara boendemiljöer och är samtidigt en av Sveriges största fastighetsförvaltare med både bostadsrättsföreningar, företag och offentliga fastighetsägare som kunder. Företaget ägs kooperativt av sina kunder, vilket gör att utvecklingen sker nära verksamheten och med fokus på lösningar som faktiskt gör skillnad. Det finns en tydlig ambition att ligga i framkant tekniskt – att bygga nytt, inte bara integrera färdiga lösningar. Miljön präglas av stabilitet, långsiktighet och innovation i praktiken. Som arbetsgivare erbjuder Riksbyggen en plats där du kan växa, påverka och bidra – både tekniskt och samhällsmässigt. Det är en arbetsplats för dig som vill göra skillnad, och samtidigt ha tryggheten i ryggen. Om rollen I den här rollen blir du en viktig nyckelperson i ett affärsnära team som ansvarar för att utveckla och förbättra digitala lösningar kopplade till boendemiljö och bostadsproduktion. Du kommer arbeta med både nyutveckling och vidareutveckling av befintliga system, med stort fokus på integration, användarnytta och hållbar arkitektur. Teknikstacken är Microsoftbaserad och du får arbeta med såväl backend- som frontendutveckling, samtidigt som du är med och formar arbetssätt och lösningar i en miljö där molntjänster (Azure), data och användarupplevelse står i centrum. Det här är en roll för dig som gillar att arbeta både praktiskt och strategiskt – och som trivs i ett team där samarbete, långsiktighet och innovation väger lika tungt. Exempel på arbetsuppgifter • Utveckla och vidareutveckla lösningar i Microsoftmiljö – både frontend och backend • Designa och implementera system som stödjer affärs- och verksamhetsmål • Bygga integrationer för effektivt informationsflöde mellan olika affärssystem • Arbeta med analys och optimering av kunddata • Arbeta agilt enligt SAFe • Samverka med andra IT-team för en sömlös, effektiv IT-miljö Vi söker dig som har: Eftergymnasial utbildning inom IT/datavetenskap eller motsvarande Minst 3 års erfarenhet av fullstackutveckling Gedigen kunskap inom C# och .NET Erfarenhet av frontendutveckling med React 17, TypeScript och JavaScript Erfarenhet av anpassning och utveckling av Sharepoint God förståelse för API-design och systemintegration Erfarenhet av databaser, både SQL och NoSQL Erfarenhet av arbete i molnmiljö, gärna Microsoft Azure Erfarenhet av agilt arbete och testdriven utveckling Talar och skriver obehindrat på svenska Det är meriterande om du har: Erfarenhet från bygg- och fastighetsbranschen Erfarenhet av att arbeta i större, komplexa IT-miljöer Som person ser vi att du har god kommunikationsförmåga och vana att samarbeta med flera intressenter. Förmåner som gör skillnad Hos Riksbyggen får du trygga och generösa villkor. Inför röda dagar arbetar vi halvdag. Du omfattas dessutom av väldigt bra pensionsvillkor. Du erbjuds friskvårdsbidrag, ersättning för patientavgifter vid exempelvis vårdbesök samt möjlighet att ta del av Rikskort – ett förmånskort som kan användas i butiker och på restauranger. Vid goda resultat delas även en resultatpremie ut som uppskattning för det gemensamma arbetet. Du kommer att ha din arbetsplats i Riksbyggens moderna och ljusa kontor på Kungsbron i centrala Stockholm – med utsikt över takåsarna och med direkt närhet till alla kommunikationsvägar, bara ett stenkast från T-centralen. Det finns även möjlighet att arbeta i en hybridlösning. Välkommen med din ansökan! Rekryteringen kommer hållas av Ed:Za Group. Har du några frågor eller funderingar relaterade till tjänsten och processen är du varmt välkommen att kontakta **** eller ****",boendemiljö | bostadsproduktion | bygg- och fastighetsbranschen,3,63,distinct_skills_list,
14e40374f49f52a3084d4fcb7817b7d859822245,Senior Embedded Software Developer till försvarsindustrin,"Etteplan är ett ledande ingenjörsföretag som formar framtidens industrier. Vi är över 4000 teknikspecialister som brinner för teknik och människor. Tillsammans formar vi framtidens innovationer och utveckling inom en global affärsmiljö. Vi söker nu flera erfarna Embedded SW developers till oss på Etteplan som kommer att arbeta med att utveckla hårdvarunära mjukvarulösningar till kunder inom försvarsindustrin. Vi söker dig med minst 5 års erfarenhet av hårdvarunära mjukvaruutveckling inom komplexa system med erfarenhet från försvars- telekommunikations- eller fordonsindustrin. Din roll Som Senior Embedded Software Developer på Etteplan kommer du ha fler möjligheter än du kunnat ana. Du kommer arbeta nära våra kunder som finns inom olika branscher, med en gemensam faktor att de allra flesta är branschledande inom sitt område. Vi ser gärna att du bidrar både till andra utvecklare på vårt kontor och till våra kunder. Du kommer att arbeta med större systemleverantörer samt produktbolag inom mjukvara och elektronik. Arbetsuppgifterna i projekten varierar och slutprodukterna kan vara allt från olika typer av användargränssnitt till att hantera komplexa tekniska system med många ingående komponenter. Tillsammans jobbar vi för att ge våra kunder de allra bästa lösningarna. Din profil Vi söker en lagspelare som trivs med att arbeta i en föränderlig omvärld och snarare se möjligheter och utmaningar än hinder och problem. Flexibilitet, prestigelöshet och möjligheter bör vara ord som du kan relatera till och trivs med. Du skall vara kommunikativ och ödmjuk samt professionellt kunna hantera våra kunder och kollegor. Vidare har du goda kunskaper i svenska och engelska i både tal och skrift. Denna tjänst kräver att du genomgår en säkerhetsprövning baserad på gällande regler för säkerhetsskydd. För tjänster som kräver säkerhetsklassning tillkommer ytterligare krav på svenskt medborgarskap. Vi ber dig att ha detta i åtanke vid din ansökan. För att kunna möta våra kunders behov behöver du ha: - En master eller kandidatexamen inom systemteknik, datavetenskap, datateknik, teknisk fysik eller motsvarande erfarenhet. - Minst 5 års yrkeserfarenhet av hårdvarunära mjukvaruutveckling, FPGA, VHDL, C/C++ - Erfarenhet från arbete med krav och kravnedbrytning från system och arkitekturnivå - Erfarenhet från mjukvarutest Det är meriterande, om du har erfarenhet från funktionsutveckling för antennsystem (AESA). Känner du att Etteplan är rätt för dig? Skicka in din ansökan idag och bli en del av vårt team! Sommaren är här och vi har flera spännande annonser ute under ledigheten. Detta brukar innebära att vi tar emot fler ansökningar än vanligt. Då urval kommer att ske under de första veckorna i augusti kan det ta lite längre tid för oss att återkoppla om din status i rekryteringsprocessen. Vi uppskattar verkligen ditt tålamod och förståelse och önskar dig en fin sommar! Etteplan is a leading technical consulting company shaping the industries of the future. With a dynamic and inclusive work culture, we offer exciting assignments, diverse customer relationships and an environment where your ambition can flourish. We are over 700 technology specialists in Sweden who are passionate about technology and people. Together, we shape the innovations and developments of the future within a global business environment. With us, there are many opportunities for those who want to grow and develop in a forward-looking organization.",försvars- telekommunikations- eller fordonsindustrin,1,52,distinct_skills_list,
5d0b6a3873ae59fa8203c7a2160ee8134cd9c326,Fullstackutvecklare med fokus på Microsoft applikationer,"Riksbyggen är ett kooperativt företag som utvecklar hållbara boendemiljöer. Vi är samtidigt en av Sveriges största fastighetsförvaltare med både bostadsrättsföreningar, företag och offentliga fastighetsägare som kunder. Som arbetsgivare erbjuder vi möjlighet till utveckling, delaktighet och inflytande. Oavsett vad du söker, vad du brinner för eller vad du vill uppnå står vår dörr öppen för dig. Välkommen in till en ny framtid på Riksbyggen. Vi söker nu förstärkning till vårt IT-team i form av en driven och engagerad Fullstackutvecklare som vill vara med och utveckla framtidens IT-lösningar I rollen som utvecklare kommer du att vara en nyckelperson i vårt arbete med att förbättra och optimera våra kundrelationer och IT-system. Du kommer att arbeta med att utveckla och underhålla våra IT-system, samt bidra till att skapa effektiva lösningar som stödjer vår verksamhet och våra kunders behov Hos oss gör du skillnad • Designa och implementera IT-lösningar som möter företagets mål och krav • Anpassa och integrera IT-system med andra affärssystem för att säkerställa ett sömlöst informationsflöde • Analysera kunddata för optimering av plattformen • Samarbeta med andra avdelningar för att stödja företagets övergripande mål och strategier • Arbeta enligt den agila metoden SAFe (Scaled Agile Framework) • Samverka med övriga IT-team för att säkerställa en integrerad och effektiv IT-miljö Du bidrar med din kompetens och ditt engagemang • Adekvat utbildning från universitet eller högskola, gärna inom IT och datavetenskap, och minst 3 års relevant arbetslivserfarenhet • Erfarenhet av backendutveckling (C#, .NET) samt frontendutveckling (React 17, TypeScript och JavaScript) • Kunskap om Microsoft Azure och dess tjänster • Erfarenhet av SharePoint-utveckling och anpassning • Förståelse för API-design och integration • Erfarenhet av att arbeta med databaser, både SQL och NoSQL • Erfarenhet av att arbeta i agila utvecklingsmiljöer • Erfarenhet av testdriven utveckling • God kommunikationsförmåga och förmåga att samarbeta effektivt med olika intressenter Meriterande Erfarenhet från bygg- och fastighetsbranschen är meriterande Erfarenhet av att arbeta i större, komplexa IT-miljöer Om tjänsten Du kommer att ha placering på Riksbyggens huvudkontor på Kungsbron i centrala Stockholm, och flexibelt startdatum med hänsyn till din uppsägningstid. Vi har svenska som koncernspråk, så därför är det viktigt att du behärskar svenska i tal och skrift. Som anställd på Riksbyggen förväntas du också vara ledamot i någon/några bostadsrättsföreningar, i de fall du har ledamotsuppdrag så utgår ett ansvarsarvode. Riksbyggen tillämpar provanställning. Riksbyggen strävar efter en jämn könsfördelning och ser mångfald som en styrka. Har du några frågor eller funderingar? Sista ansökningsdag 31 mars 2025. Vi gör löpande urval så sök redan idag! Vi ser fram emot din ansökan Klicka på länken om du är nyfiken på Riksbyggen. Är du nyfiken på hur det är hos oss? Till rekryteringskonsulter, annonssäljare etc. Vi har redan beslutat vilka vi samarbetar med vid rekryteringar samt var vi vill synas. Vi undanber oss därför kontakt från försäljare i dessa frågor.",bygg- och fastighetsbranschen,1,29,distinct_skills_list,
04f791eb6ead943ad2f7e9816c983bf77e9900b2,Java-utvecklare,"Jobbify är en jobbplattform för erfarna kandidater. För kunds räkning har vi publicerat denna annons, vill du komma i kontakt med den slutgiltiga arbetsgivaren kan du klicka dig vidare till annonsen: 🚀 OM ROLLEN Vi hjälper nu Lemontree hitta en Java-utvecklare som verkligen gillar teknik och som är bra på att kommunicera. Har du dessutom erfarenhet av FinTech eller trading har du en stor fördel. Lemontree är ett litet företag som länge levererat lösningar inom trading och finans. De jobbar med modern teknik i kundprojekt där kraven på prestanda och kvalitet är riktigt höga. Utvecklingsteamet har en lång historia av att skapa grymma produkter och de jobbar mycket nära deras kunders verksamhet, både med att utveckla systemet och ta ansvar för det i produktion. När du blir en del av teamet får du en fantastisk chans att växa och utvecklas. Närheten till kunden och deras verksamhet gör inlärningskurvan brant - de är dessutom ett stöttande team med lång erfarenhet som alltid hjälps åt. Vi söker dig som: Har jobbat med Java-utveckling i minst 5 år Har minst högskoleexamen inom relevant område, t.ex. data- eller systemvetenskap Är lösningsorienterad, lyhörd, flexibel och vill utvecklas Gillar att jobba i team och ha kundkontakt Talar och skriver svenska obehindrat Tech-stack: Java Spring Boot och Spring Framework (inklusive MVC) gRPC, REST MongoDB, MySql Kubernetes Helm Azure Cucumber Gigaspaces Förutom att du kommer få arbeta i utmanande projekt med teknik i framkant kommer du också vara en del av en stimulerande arbetsmiljö där kontinuerlig kompetensutveckling värdesätts högt. Du får dessutom ett kompensationspaket med privat sjukvårdsförsäkring, pensionsersättning, friskvård och andra generösa förmåner. Du kommer att utgå från deras hemtrevliga huvudkontor i centrala Stockholm. 📩 ANSÖKAN Hoppas att vi har väckt ditt intresse och att du är nyfiken på att veta mer om rollen. Vi rekryterar löpande så skicka in din ansökan så snart du kan. Vi tar inte emot ansökningar via mail men har du specifika frågor kring tjänsten får du gärna kontakta oss på **** OM SWITCH GAME Switch Game är rekrytering- och konsultbyrån som gör de krångliga enkelt, superenkelt. Genom att kombinera beprövade metoder med moderna arbetssätt och ny teknik kan vi hitta unika matchningar, snabbt och med hög träffsäkerhet. Vi arbetar alltid tvåvägs och söker kandidater till uppdrag såväl som uppdrag till kandidater vilket skapar en dynamisk organisation med många spännande möjligheter.",FinTech | trading | finans,3,26,distinct_skills_list,
2c665ca620d5c39c4a77c05713888c7bb1e1b96a,Summer Internship 2025,"Pluggar du en utbildning inom IT, är nyfiken på konsultbranschen och har ett extra intresse förautomation? Se hit - dåkan vårt sex veckors internship vara något för dig! Vad gör vi? Vi på Decerno är specialister på skräddarsydda digitala lösningar och är stolta över att våra uppdrag bidrar till samhällsnytta. Det betyder att vi förstår att alla kunder är olika och har unika förutsättningar. Vi skräddarsyr våra lösningar utefter kundens behov vilket medför att vi kan erbjuda våra medarbetare ett smörgåsbord av spännande projekt och teknologier. Samtidigt som vi skapar digitala lösningar vill vi också göra skillnad på riktigt. Det är inte bara något vi säger, vi menar det! Sedan vår start 1984 har vår etiska policy varit vår kompass och vi väljer aktivt bort projekt inom vapenindustri, spel, tobak och alkohol. Om jobbet Vårt summer internship kommer varvas med självständigt arbete, handledning och kompetensutveckling. Du, tillsammans med en annan sommarjobbare, ansvarar för att skapa realistisk testdata för en av våra kunders digitala plattformar. Du arbetar med avancerad generering av fiktiv data som efterliknar verkliga användarscenarion – utan att använda känslig information från produktion. Uppdraget utförs av två personer under sex veckor som självklart har ett nära samarbete med handledare under hela arbetet. Mer om dig Vi letar efter dig som studerar en kandidat, master eller civilingenjörsutbildning inom IT och är i slutet av dina studier, eller som planerar att avsluta dina studier till sommaren. Tjänsten kräver ingen tidigare relevant arbetslivserfarenhet men vi ser det som meriterande om du har erfarenhet av Playwright, förståelse för datamodeller samt grundläggande kunskaper inom .NET eller React.js. Du har ett stort tekniskt intresse och är orädd för att sätta dig in i ny teknik. Vidare är du duktig på att samarbeta och trivs med att arbeta i tät dialog med andra, vill utforska och pröva olika lösningsalternativ för att uppnå bra resultat och kvalitet. Utöver detta är det ett krav att du är flytande i svenska, då det är nödvändigt i det dagliga arbetet. Sista ansökningsdag är den 9 maj, men tjänsten kan komma att tillsättas innan dess – därför uppmanar vi dig att skicka in din ansökan redan idag. Passa på att skaffa dig värdefull erfarenhet inför framtiden och sök redan idag! Vi välkomnar en mångfald av sökande med olika bakgrunder och erfarenheter och ser fram emot att få veta mer om dig och hur vi kan bli en del av ditt nästa steg i karriären.",har ett extra intresse förautomation,1,36,distinct_skills_list,
4277281686ae168aed0a86ec5a317e2b6666d9fa,Mjukvaruutvecklare till Saab Aeronautics,"Intresse för radio-, kommunikationssystem och flyg? Här kommer du få vara med och utveckla kommunikationssystem mellan flyg, fartyg och mark! Om rollen I rollen som Mjukvaruutvecklare kommer du att arbeta med olika typer av radiosystem och kommunikation. Du kommer få arbeta med mjukvaran som integreras i radioapparater mot olika flyg och system. Det kan vara talkommunikation med civila luftrummet eller militär stridsledning. Det är också taktiska datalänkar där man med hjälp av sensorer skapas sig en egen omvärldsbild. Det utvecklas också mjukvara och system för markkommunikation för att genom sändare kunna kommunicera mellan flyget och tekniker på marken. Som Mjukvaruutvecklare kommer du ingå i ett team om 11 personer som arbetar med system och mjukvara kring olika radio- och kommunikationssystem. Arbetsgruppen har många projekt igång och fler spännande projekt som kommer, därav ett behov av att utöka arbetsstyrkan. Ni samarbetar tätt ihop och ni interagerar med Tillsammans arbetar man för att uppfylla olika kundkrav samt civila krav och NATO-krav. Man gör upphandlingar av radioapparater från underleverantörer, systemsäkerhetsanalyser, installationsunderlag, dokumentation kring konfigurationer, test och verifiering samt hur mycket apparaten tål. Du finner det roligt och stimulerande att diskutera idéer och problemställningar med kollegorna och tillsammans arbeta fram nya lösningar. Du ser det som utvecklande och stimulerande att få arbeta med mjukvaruutveckling och programmering på ett metodiskt och strukturerat sätt. Skallkrav för tjänsten: •Relevant eftergymnasial examen inom IT/Datateknik/Systemvetenskap/Motsvarande •Arbetslivserfarenhet inom programmering/mjukvaruutveckling •Svenska och engelska i tal och skrift •Krav på visst medborgarskap pga. De erbjuder ett brett utbud av supportlösningar inom både civil och militär luftfart. Inom affärsområdet bedrivs det allt från forskning, till utveckling och produktion av militära flygplanssystem. Du får arbeta i en innovativ och kreativ arbetsmiljö där du har möjlighet att bygga en långsiktig och givande karriär. Hur du ansöker För att söka tjänsten, vänligen ansök via: https://www.framtiden.com/. **** Vi arbetar med löpande urval, välkommen in med din ansökan redan idag! Om du erbjuds en tjänst kommer du att säkerhetsprövas. Säkerhetsprövningen måste bli godkänd för att du ska kunna påbörja din anställning. Om Framtiden AB Vi på Framtiden arbetar med både bemanning och rekrytering, vi vill göra skillnad i människors liv. Skillnad gör vi genom att hjälpa människor att hitta rätt jobb och rätt kollega. Vi är specialister på att rekrytera rätt talanger till rätt företag. Framtiden finns på sju order i Sverige samt i Oslo. För tjänsten som Mjukvaruutvecklare kommer du inledningsvis vara anställd som konsult via Framtiden. Villkor Start: Februari 2025 alt. enligt överenskommelse Placeringsort: Linköping Arbetstid: Mån-fre, flex Omfattning: Heltid",arbeta med olika typer av radiosystem och kommunikation,1,55,distinct_skills_list,
2b610e2545b91119d9254f8ff60dbf866947751b,C++ Utvecklare,"Vill du vara en del av Nexer Mobility och arbeta med mjukvaruutveckling och inbyggda System? Med en lång erfarenhet inom branschen så har vi hittat vår grund som vi tror på och som vi utgår ifrån när vi bygger upp Nexer Mobility tillsammans med våra medarbetare. I vårt dagliga arbete är du som individ i fokus då vi utgår från varje medarbetares utgångspunkt och förutsättning. Hur vi arbetar, kommer vi att berätta mer om när vi träffas. Vad vi söker Vi söker dig som vill arbeta inom tunga fordon och har några års erfarenhet av C++ utveckling. Vi ser gärna att du tycker om att arbeta metodisk och har en stor nyfikenhet på att lösa problem samt bidrar med en positiv energi till teamet. Du föredrar att arbeta i ett team men har samtidigt ingenting emot att arbeta självständigt. För att ansöka så ser vi gärna att du har B-körkort, det är ett krav att du behärskar svenska och engelska flytande i både tal samt skrift. Det är mycket meriterande om du har ett intresse för fordon. Blir du nyfiken och vill veta mer? Ansökan Tjänsten kommer att tillsättas löpande så vänta inte med din ansökan. Vi har tyvärr ingen möjlighet att ta emot ansökningar via mail. Vi är stolta över att leda den digitala revolutionen och vara i teknikens framkant, alltid med ett agilt och framåtlutat förhållningssätt. Här får du unika möjligheter att drömma stort, agera smart och utvecklas. Vi är ett familjeägt bolag med långsiktiga strategier, vilket innebär att du är nära de som fattar beslut och kan vara med och påverka. Dessutom erbjuder vi en flexibel arbetspolicy, där det finns möjlighet att arbeta på distans när det passar dig och ditt uppdrag. Vår kultur Vår vision är Promising future – det är viktigt för oss att göra skillnad och bidra till en bättre framtid. Vi har ett engagemang för våra kunder och en uppriktig omtanke om varandra. Vi omfamnar mångfald och tror att människor med olika bakgrunder och erfarenheter gör vårt arbete och vårt företag bättre. Vi värdesätter innovation och viljan att utvecklas och ta nästa steg – framåt och uppåt. Dessutom har vi roligt på jobbet!",tunga fordon,1,12,distinct_skills_list,
