id,split,seed,domain,skill,source_row,is_prompt_development
0196b49e888e1747891c4c34e942922875f672ef,train,13,journal,nice_to_have,1,True
b54108a3dd2579302d8492eaeb2057499a68ca60,train,13,journal,nice_to_have,2,True
516554ec21763514f02a94514d00062219e1318f,train,13,journal,nice_to_have,3,True
d105ea3e5612ba479481bb09ece2f57ccb0f8a44,validation,13,journal,nice_to_have,4,True
c8e21a3a1b5667260764c592ce51659c319d32c0,test,13,journal,nice_to_have,5,False
86e6667c9bfcc8bac3f030c63533f5596bbe5725,train,13,journal,nice_to_have,6,True
4b6d10d2b51c3e9dd2678eeabf3ea7bcf18b6e02,train,13,journal,nice_to_have,7,True
25104c668af996164413015cb217466c744e845f,test,13,journal,nice_to_have,8,False
690c769b64f8e3793f71f4d049a4fb17c983b9a4,validation,13,journal,nice_to_have,9,True
4483aed8949ed28f281c78f2007216c730dad40c,train,13,journal,nice_to_have,10,True
24132de30e7f05db090a2b1a718a5b8391d27268,train,13,journal,nice_to_have,11,True
2caec8dcc1a43e3efd2956a422a3470151dbae62,train,13,journal,nice_to_have,12,True
2e13c14ba4a4dd1f664baaa792f1c13f8af22afe,train,13,journal,nice_to_have,13,False
0d9cc3c3964377f08d87dfa6b806074855f195fd,train,13,journal,nice_to_have,14,True
5bd889917d04893fde165af5af947048d2d6a5b7,train,13,journal,nice_to_have,15,False
b4ed28a44905378992a069e172e12003367e4860,validation,13,journal,nice_to_have,16,True
d3830c43353e67f815daa145d6c4f4e58f7fa213,test,13,journal,nice_to_have,17,False
24329ca2a902c0b38025bcd04996e86329317db8,train,13,journal,nice_to_have,18,True
36c73fdfb34c0e56143525c8f7f0113ba949d082,train,13,journal,nice_to_have,19,True
174b0a32a5fb3442c3598c7733a5cbcf91ac0ecb,test,13,journal,nice_to_have,20,False
fd737faadde4d7986734b651b8770ea5177255c7,test,13,journal,nice_to_have,21,False
b0a8e3ec2d3c212924e73f84439e28223404fc35,validation,13,journal,nice_to_have,22,False
187fe5ea0b014175d997a08e579bda302a1becf3,test,13,journal,nice_to_have,23,False
5364790e1758e817195b6d8f426e68b1946cea39,validation,13,journal,nice_to_have,24,False
0c46846d3edc0a6d82d0d001483920ed887aab39,test,13,journal,nice_to_have,25,False
4c035e2b9e34298b4fbca0fbf80d7eada85d47cf,validation,13,journal,nice_to_have,26,True
addd9a0e39e7ffe64888825bebadb617a4b9f7d8,train,13,journal,nice_to_have,27,True
9e81f686d86a03e1fde3eade3a4187fe4b3ea2c0,train,13,journal,nice_to_have,28,True
c83b1df1e3eaae5e0d6d59e4456f7850164b8430,test,13,journal,nice_to_have,29,False
7c7c229f39678e56016cf648816f4087b1a86b08,train,13,journal,nice_to_have,30,True
c08ee581817789b49ee9d56b21aeab8e8f77325e,test,13,journal,nice_to_have,31,False
fd30f67579af38fbeffb56a2569732eb44282cba,test,13,journal,nice_to_have,32,False
31aca5b8e3a2e53f8def3a0503b0b6a7f0e26c21,train,13,journal,nice_to_have,33,True
87213ef3b83f859e954289244d23efe3a24ba10d,train,13,journal,nice_to_have,34,True
3367ecc578e716d3a58c4d81c4dd979089d6ff5f,test,13,journal,nice_to_have,35,False
d4bf485584070f57502af19ee507dc1c508703b8,test,13,journal,nice_to_have,36,False
8ae9010cf8ec02108859f2d18ebee9525f88a300,validation,13,journal,nice_to_have,37,True
2b15a2d768467b59308b29b29e24c93b00d7e6c5,train,13,journal,nice_to_have,38,True
ca18f0ea19877602000bb62654a49f067a3bad24,train,13,journal,nice_to_have,39,False
138882f349039188ab446997159c7e6d92ca837f,test,13,journal,nice_to_have,40,False
8012e2334070b814b3375b58d9d41defc0ac0bdf,train,13,journal,nice_to_have,41,True
006c4c43cead022d7f0cc0568762e6671d5b70da,train,13,journal,nice_to_have,42,False
5a196b390b6e2d238f8f7dca01818a4dc1526f6a,train,13,journal,nice_to_have,43,False
0c978674bda8544b4396d65a1a2837ed1fd8ce6d,train,13,journal,nice_to_have,44,False
fe36749c50f5beb9e2d125a9f9f8d265e70bf0cd,test,13,journal,nice_to_have,45,False
695aa06a8bf2599a74eb400fd607d42a897199b7,validation,13,journal,nice_to_have,46,True
d88adb5ed92e870a6897a719bc894d94c81addf9,train,13,journal,nice_to_have,47,True
89a858dea7022dc8f6db59291c3de977696a26ce,train,13,journal,nice_to_have,48,False
86e8609f7c3cbc8b25f68acdf42a8c545bf5e5d3,test,13,journal,nice_to_have,49,False
f8f9f3be4224f81aeefa70ac0098e86aa6196b9d,validation,13,journal,nice_to_have,50,True
4edce693ad3579766134baa0bdc721974d80be5f,train,13,journal,nice_to_have,51,True
fab863d66d634e10b19a82378a15b76227e971e1,test,13,journal,nice_to_have,52,False
63c78e7a189cd80cdf377ddf267fb19212503d3a,test,13,journal,nice_to_have,53,False
51b340ae02e3e45cc1df2a1df1e0f8c014546be4,test,13,journal,nice_to_have,54,False
9eec4acff60755f61de2aebb95c8feee0ff183d9,train,13,journal,nice_to_have,55,True
d56999608756c1187f45070561233bddf9b076e0,train,13,journal,nice_to_have,56,True
12382d7ba4f058755ec179ba1e9887756014cf1d,train,13,journal,nice_to_have,57,True
a49445e2bd2393662d61ccb8a96c9e9f60a35133,test,13,journal,nice_to_have,58,False
cb90071bf8b8bd67c7fd47d1fffa8f6303936e30,validation,13,journal,nice_to_have,59,False
af4ff9216b92ea676e3b73fd0892c3a02e14dff8,test,13,journal,nice_to_have,60,False
fb226146ab56db6ab82a0bd049e13c7d50b8c662,train,13,journal,nice_to_have,61,False
1810a71db05329fbcdf51d0e98a944b83e68ee8f,test,13,journal,nice_to_have,62,False
2061a058f76b32acd331f3b381934232ed1cfceb,test,13,journal,nice_to_have,63,False
46591fcee39d0d4c0db5589c63361d15ecc436b3,test,13,journal,nice_to_have,64,False
e6f0aa61c37bd8713fce1d723dd34bdf2cf86278,test,13,journal,nice_to_have,65,False
c6853a70c466666e77a08c5e0b70ccd220653462,train,13,journal,nice_to_have,66,False
f2938742a9d8d1deaf1560abab5c3545a8e36b2a,test,13,journal,nice_to_have,67,False
8e986d2b4d6b342614882e3fcd748ad846be42bb,train,13,journal,nice_to_have,68,False
044fe5e5e4655cc780f8aa1c62532b47c33128b9,train,13,journal,nice_to_have,69,False
f16612e77aae2eef97c9f20afffaf7c819cb82b7,test,13,journal,nice_to_have,70,False
7ade458557651dc45b9210a14e8b3e1afda98fa9,train,13,journal,nice_to_have,71,False
e9512b9fb63221e417afea087f8184f45905d418,test,13,journal,nice_to_have,72,False
d147ad9430e0f1bc5a78c03eaae5dee19ab2c04d,train,13,journal,nice_to_have,73,False
848def1c0dfbc8e61197cc1c9cdb9278f27c0b51,test,13,journal,nice_to_have,74,False
d4ef5cf16f6ad76790bb583fe3dd73e9a4ad79fc,test,13,journal,nice_to_have,75,False
0dcfbbb0291c0b36b2fdefcc6c273941b0ec6519,test,13,journal,nice_to_have,76,False
f554745674d19466f6d016d01e997b12b9a2a006,train,13,journal,nice_to_have,77,False
4f73708f9fbcc5903f874ea15b4808cb54821660,test,13,journal,nice_to_have,78,False
5816088ed8229265e56d0798384fc9b2ce975e92,test,13,journal,nice_to_have,79,False
0af262bc9bcfa2fe35ff362b3bc7ea176fd204fa,train,13,journal,nice_to_have,80,False
d5172071254de3c73d73037baef0b2833e11cf3c,validation,13,journal,nice_to_have,81,True
4cd6b635b61047bc185dec277661f26ebe18572f,validation,13,journal,nice_to_have,82,False
deffaf8f3238f2c69621ad3e36db1ef1eeeb1f92,test,13,journal,nice_to_have,83,False
e609ba21dc9d608f0185bebc595ca0f3467342d8,test,13,journal,nice_to_have,84,False
bcc6a99de69919e6579626549d83bafa32c20753,train,13,journal,nice_to_have,85,False
483793cabe956406ee235987240a50a56d63103e,train,13,journal,nice_to_have,86,False
1fef1456bef29fca405ca2806ff5c7939c9d5637,test,13,journal,nice_to_have,87,False
00f6e3734244b99b0d152c19d534d45b25833c1b,train,13,journal,nice_to_have,88,True
aca921450f433131b7be8b14d317d87a1d427237,train,13,journal,nice_to_have,89,True
6fb12db28e473efaadbc134fd982a2333f3be6bc,validation,13,journal,nice_to_have,90,True
2b2b5157e51f5cbc089349028780ab4b11622fe8,train,13,journal,nice_to_have,91,True
7b0322bed23e3d3603ca71ad05cb0a62c4e58787,train,13,journal,nice_to_have,92,True
a05081079e0250bcece5942b537f27fd155b9cf7,train,13,journal,nice_to_have,93,False
59bd8926e70be1c317cd844a9c2520d6a403c671,test,13,journal,nice_to_have,94,False
8febfb44bb6d33e7be1344961c4d68b48ae866ab,train,13,journal,nice_to_have,95,True
6fa7ad943038a184f9e89317662696be62cc35c8,train,13,journal,nice_to_have,96,True
6126f43c1d2eb5780d6fecf79cffac28968efe34,test,13,journal,nice_to_have,97,False
6e9b97af9a6081b01af0ff37e775a7d98d3a2cdc,test,13,journal,nice_to_have,98,False
284cff5c2abf9dc807f80ea89d90fc1e30005272,test,13,journal,nice_to_have,99,False
af9a411061d0e65891d4266db273109d2c70d09d,test,13,journal,nice_to_have,100,False
d79a7ae8c35b7d1e9f2033906fbdd23868a234f6,validation,13,journal,nice_to_have,101,False
d811577452253edc96943750523dd21d55303b8c,test,13,journal,nice_to_have,102,False
4ab6a73dff2593dfef7130152950ec6e6abaeb4d,train,13,journal,nice_to_have,103,False
6bbc9cddf92dfbdce404c450cf72a84da02e31df,test,13,journal,nice_to_have,104,False
67eb9c1f42a8fdf7b58420f5dd14ab078215723a,test,13,journal,nice_to_have,105,False
3f133d3553e7707464eeb242eb6b483abcd2fa4a,train,13,journal,nice_to_have,106,False
7a3d710f62a07bd4bd77b4753b4be69541f0a7f4,test,13,journal,nice_to_have,107,False
c13ade8c6e9fee3567b5ac39cde46c9ae641814a,test,13,journal,nice_to_have,108,False
3e447a7cd274c8b16bee4cb662ea1c622136ffbf,validation,13,journal,nice_to_have,109,False
286095aa250e8b176293be0ca8f7db2afdb9044a,test,13,journal,nice_to_have,110,False
dfbb5069be0db615ed38ab3a8113e23830951175,test,13,journal,nice_to_have,111,False
160c9f6b157d014bdf228f3fcf520a42f85859b7,train,13,journal,nice_to_have,112,False
532f9e24a4cc45d2d49ff64d174e93d943dc6c8a,test,13,journal,nice_to_have,113,False
c65f40c72a1cf0b17e4dab5a25751d5e7a89757b,train,13,journal,nice_to_have,114,False
92492327b793892ef6e16f42b4368591d3105c47,test,13,journal,nice_to_have,115,False
a2cd7d90ca2f98d56f15cec89c23455903990ece,test,13,journal,nice_to_have,116,False
5297a6efe4742a8e2101f1302d70c17f84532e15,test,13,journal,nice_to_have,117,False
0b754e35707114c94727ebd0778d6335d4237801,test,13,journal,nice_to_have,118,False
859918aa22b55fd13548793bc3e2c1449faa79a5,test,13,journal,nice_to_have,119,False
0d3fc50c49fab954137413690e9f1b63debd1cf8,train,13,journal,nice_to_have,120,False
a4955d30e53100803426bbda051989a5ecff1117,test,13,journal,nice_to_have,121,False
f4421fb6b939179138e09d6265847e5140ec8bf4,train,13,journal,nice_to_have,122,False
93df015b045d9cd095d65e2c8b47bc4dc910fdec,test,13,journal,nice_to_have,123,False
1521afb3e542074904bee057c992f66c38d6548a,test,13,journal,nice_to_have,124,False
8510f2a5044d34c1eb9e11b620cd5ffd8de70679,test,13,journal,nice_to_have,125,False
060565681e29baf1b9d75f65de24daff8a30558c,test,13,journal,nice_to_have,126,False
57282b459d7f737f9ca4ad914b290c16567a5943,train,13,journal,nice_to_have,127,False
4bc5b4cd4cb3b14338e438256884bcbf3b3f05de,test,13,journal,nice_to_have,128,False
412d2610444854518f884616e350b5c82b60fd83,test,13,journal,nice_to_have,129,False
f73ac615d61e9f4e446639f2d3820b29ef6e1cb0,test,13,journal,nice_to_have,130,False
6438efe31c151e98e0df8df2c09a3afbe8c34fb8,train,13,journal,nice_to_have,131,False
3ab68f0beb81f60232a7ad2941d4531ebd565d32,train,13,journal,nice_to_have,132,False
b23c3b1efffea5308566e5b7e4a8f342f02bb154,test,13,journal,nice_to_have,133,False
72a1845409fb667868ede9117df49004b2ac6d8d,test,13,journal,nice_to_have,134,False
59244d1dd61fab74b11b30acbfe615224ad16b91,test,13,journal,nice_to_have,135,False
a97f0e383e4532024000f30e09c86d03e6bd656c,test,13,journal,nice_to_have,136,False
46249fd66730395993138d291488f209a5f54c23,test,13,journal,nice_to_have,137,False
44b5420abd62458e174da279cdeaf6ff6cc7480b,test,13,journal,nice_to_have,138,False
4817531b7211788d888a4c86cadb06ec5eb8a0b7,test,13,journal,nice_to_have,139,False
ac7187d90da9bcc4871cbc1fbcfcc86531b15578,validation,13,journal,nice_to_have,140,False
c0b6ea5470ca2dd1cbc5d44230d3982047cb914c,test,13,journal,nice_to_have,141,False
1904e61de300f2b4849cc30e0c0be7036353d695,test,13,journal,nice_to_have,142,False
7157f8683263cfe1f875d4f6ce25d9ff45884f3f,test,13,journal,nice_to_have,143,False
25fced346a5d85369c082e06c503d8bb661e2e1f,train,13,journal,nice_to_have,144,False
1440597d694d6c5a47bf750aeb47f70ca06c503e,test,13,journal,nice_to_have,145,False
d23f810971b91183454eed3bf2a9191211e9ffb4,test,13,journal,nice_to_have,146,False
b38c727c35637a996341a4e65e0e59473cf1586f,test,13,journal,nice_to_have,147,False
68223a13ab9a7346ff799b3d9670bd7389c0b855,test,13,journal,nice_to_have,148,False
88720338dc331c0d62bb57a468ee44314a74e316,test,13,journal,nice_to_have,149,False
d91b43dbc9811d5c980f8e02423b620e84fd478a,test,13,journal,nice_to_have,150,False
2a874502dc65bed73e509a1f62ac89ff18d562d6,test,13,journal,nice_to_have,151,False
42211f9a8e7ff9a2524cbc35e36a4ffd94a3cad3,test,13,journal,nice_to_have,152,False
73477e422c5afda4d27a0056194c90e826450487,test,13,journal,nice_to_have,153,False
e3fcdb95b8813eebd9458dbe156db618f482db9f,validation,13,journal,nice_to_have,154,False
f17c66d514d6c1d592fc6122af661276633d00fa,test,13,journal,nice_to_have,155,False
4b87901fa086488438723c54fe82f2b6395b4a8a,train,13,journal,nice_to_have,156,False
3ea905c6b04c72f128c0cfe8a69576ebc6b6620c,test,13,journal,nice_to_have,157,False
81ba79221a35be082d9be5b0f9926aa807a37b2e,test,13,journal,nice_to_have,158,False
3e7d7528a9a9d3e726874015bb2cd224c4849c25,test,13,journal,nice_to_have,159,False
ee2254cca31dd222859eba1350e17596dbf8ded3,validation,13,journal,nice_to_have,160,False
26d0ad272b7cb46d2ba85c90850d79db6ce58075,train,13,journal,nice_to_have,161,True
9cc88902915ad8927699e6187b9a975c69da334f,test,13,journal,nice_to_have,162,False
e825fae346065764d8b2defc95a5019e5eebd3ed,train,13,journal,nice_to_have,163,True
c404b766297fdecb1bc344c6709937941b7ed1cd,train,13,journal,nice_to_have,164,True
a6cab9a5cd66689df87c02d8617c343cdf2a431d,train,13,journal,nice_to_have,165,True
78019cd6f3e854086b36d3ea5428127724222426,train,13,journal,nice_to_have,166,True
e92a703c1739e89b4c90856abbba57894ed6ae25,test,13,journal,nice_to_have,167,False
c471c020d882d1b6ce7966d4818caaff0ea3cc87,train,13,journal,nice_to_have,168,True
d5b737459d7f20ccd8f7caffea6fa98b6f9dd1dd,train,13,journal,nice_to_have,169,True
bee9fcaead7adcf3fb72a0fd954a2854a58178a6,train,13,journal,nice_to_have,170,True
88d92b5766077c1eaee3b41e825ce8345f5911c0,train,13,journal,nice_to_have,171,False
e67177324a1d845487608a534271104c0c9d771b,train,13,journal,nice_to_have,172,True
14e73d38e3585b6f604971f4942aad54f991170e,train,13,journal,nice_to_have,173,True
9fc49e24b0a7b59b614aea79f8bbdeec987bac07,train,13,journal,nice_to_have,174,False
8236bafe77ae52aa6489a2bf87add60841ecba63,train,13,journal,nice_to_have,175,True
9e620c05235e8281dc8c97487e6f63ab5ca90d00,test,13,journal,nice_to_have,176,False
54d42a04c4d35d9076d2bf6ab8017d6f862cf842,test,13,journal,nice_to_have,177,False
