model,domain,skill,test_rows,raw_prediction_items,predicted_items,gold_items,filtered_items,duplicate_items_removed,unsupported_items,format_compliance,unsupported_item_rate,exact_new_matches,containment_new_matches,lexical_new_matches,semantic_new_matches,exact_macro_precision,exact_macro_recall,exact_macro_f1,exact_micro_precision,exact_micro_recall,exact_micro_f1,containment_macro_precision,containment_macro_recall,containment_macro_f1,containment_micro_precision,containment_micro_recall,containment_micro_f1,lexical_macro_precision,lexical_macro_recall,lexical_macro_f1,lexical_micro_precision,lexical_micro_recall,lexical_micro_f1,semantic_macro_precision,semantic_macro_recall,semantic_macro_f1,semantic_micro_precision,semantic_micro_recall,semantic_micro_f1
BERT,it,all_skills,157,3917,3815,3296,98,4,0,not applicable to source-bound token classification,0.0,2023,820,7,5,0.5111148804671152,0.5889366840086809,0.5387550203403391,0.5302752293577981,0.6137742718446602,0.5689776402756294,0.7340425341792078,0.8384910358220387,0.7689845935996386,0.74521625163827,0.8625606796116505,0.7996062438475601,0.7361579579590634,0.8412707578692766,0.7713570588549464,0.747051114023591,0.8646844660194175,0.8015750246097594,0.7374652417729244,0.8427586537532473,0.7727402865065685,0.7483617300131061,0.8662014563106796,0.8029812965827591
BERT,it,hard_skills,157,2812,2776,2066,31,5,0,not applicable to source-bound token classification,0.0,1338,491,3,0,0.47037209432423077,0.6168820184270647,0.520076270972264,0.4819884726224784,0.6476282671829623,0.5526641883519207,0.6448374980418415,0.8472856373980828,0.713427433685471,0.6588616714697406,0.8852855759922555,0.7554729450640231,0.6460239598877264,0.8485172881982563,0.7146216492789774,0.659942363112392,0.8867376573088093,0.7567121024370095,0.6460239598877264,0.8485172881982563,0.7146216492789774,0.659942363112392,0.8867376573088093,0.7567121024370095
BERT,it,soft_skills,153,1792,1683,1169,109,0,0,not applicable to source-bound token classification,0.0,705,333,4,3,0.4372688634024641,0.6204325278158216,0.4930445712689563,0.41889483065953653,0.6030795551753636,0.4943899018232819,0.628414519164442,0.8819611275068691,0.7052364074518802,0.6167557932263814,0.8879384088964928,0.7279102384291726,0.6303719655460978,0.8848193078160298,0.7075461834498833,0.6191325014854426,0.8913601368691189,0.7307152875175316,0.6315577136358705,0.8862013673477888,0.7088195345684356,0.6209150326797386,0.8939264328485885,0.7328190743338008
BERT,it,distinct_skills,42,204,198,89,6,0,0,not applicable to source-bound token classification,0.0,42,21,0,2,0.24652511926948015,0.3634920634920635,0.26614073238723096,0.21212121212121213,0.47191011235955055,0.29268292682926833,0.3701869906757125,0.6726190476190476,0.4206299354758738,0.3181818181818182,0.7078651685393258,0.43902439024390244,0.3701869906757125,0.6726190476190476,0.4206299354758738,0.3181818181818182,0.7078651685393258,0.43902439024390244,0.39582801631673814,0.7023809523809523,0.44724057973357684,0.3282828282828283,0.7303370786516854,0.4529616724738676
BERT,it,must_have,143,1849,1805,1143,41,3,0,not applicable to source-bound token classification,0.0,631,256,0,0,0.356256181585319,0.5682586014559347,0.40643710057860083,0.34958448753462606,0.5520559930008749,0.4280868385345998,0.4926560692348799,0.7958406524674655,0.5628746124192817,0.49141274238227145,0.7760279965004374,0.601763907734057,0.4926560692348799,0.7958406524674655,0.5628746124192817,0.49141274238227145,0.7760279965004374,0.601763907734057,0.4926560692348799,0.7958406524674655,0.5628746124192817,0.49141274238227145,0.7760279965004374,0.601763907734057
BERT,it,nice_to_have,83,782,772,447,10,0,0,not applicable to source-bound token classification,0.0,261,97,0,1,0.34468963256851654,0.6075193460101513,0.4040980668560749,0.3380829015544041,0.5838926174496645,0.42821985233798193,0.4698902038565957,0.831029289177672,0.556015460827807,0.4637305699481865,0.8008948545861297,0.5873666940114848,0.4698902038565957,0.831029289177672,0.556015460827807,0.4637305699481865,0.8008948545861297,0.5873666940114848,0.4708942199208527,0.8320333052419292,0.557019476892064,0.4650259067357513,0.8031319910514542,0.5890073831009024
BERT,journal,all_skills,161,4907,4623,3598,282,2,0,not applicable to source-bound token classification,0.0,2069,1155,8,4,0.45409845794387793,0.5730188456162635,0.5007425921908601,0.4475448842742808,0.575041689827682,0.5033450918379759,0.705994753763172,0.9076520173198191,0.7835814977904986,0.6973826519576033,0.896053362979433,0.7843328062279529,0.7074309942132604,0.9095504981182249,0.7852088551606702,0.6991131300021631,0.8982768204558088,0.7862790414791387,0.7081497584380376,0.9104492673270888,0.7860041620585061,0.699978369024443,0.8993885491939967,0.7872521591047318
BERT,journal,hard_skills,161,3938,3688,2399,250,0,0,not applicable to source-bound token classification,0.0,1240,885,11,10,0.34837317187496913,0.5138959472342164,0.40683636161482345,0.3362255965292842,0.5168820341809087,0.40742566124527685,0.584392783127269,0.886641615321594,0.6890119812722547,0.5761930585683297,0.885785744060025,0.6982092985050106,0.5873965243461641,0.8915727459556263,0.6926756186190558,0.579175704989154,0.8903709879116298,0.7018235584031542,0.5896433163363836,0.8947971125450208,0.6953148775774441,0.5818872017353579,0.8945393914130888,0.7051092492196483
BERT,journal,soft_skills,142,1596,1405,892,191,0,0,not applicable to source-bound token classification,0.0,661,175,4,1,0.48027815461110246,0.6908119640876476,0.5444987201180707,0.47046263345195727,0.7410313901345291,0.5755333043099695,0.6499946164771488,0.9290206146150637,0.7346374213618857,0.5950177935943061,0.9372197309417041,0.7279059643012626,0.652747243349494,0.9330699103897117,0.7378765531221442,0.597864768683274,0.9417040358744395,0.7313887679582064,0.6531873841945643,0.9335729284983635,0.7383460366902194,0.598576512455516,0.9428251121076233,0.7322594688724422
BERT,journal,distinct_skills,98,486,452,266,34,0,0,not applicable to source-bound token classification,0.0,80,106,0,0,0.21752864482456322,0.31070213799805635,0.23774800710195926,0.17699115044247787,0.3007518796992481,0.22284122562674094,0.44124979329060965,0.7102445740200843,0.5057277972092846,0.41150442477876104,0.6992481203007519,0.5181058495821728,0.44124979329060965,0.7102445740200843,0.5057277972092846,0.41150442477876104,0.6992481203007519,0.5181058495821728,0.44124979329060965,0.7102445740200843,0.5057277972092846,0.41150442477876104,0.6992481203007519,0.5181058495821728
BERT,journal,must_have,161,4817,4575,3281,241,1,0,not applicable to source-bound token classification,0.0,1973,1025,10,8,0.4449846764740396,0.599930716688795,0.5029218939614084,0.4312568306010929,0.6013410545565376,0.5022912423625254,0.6718141066038236,0.9166519488728447,0.7626096570289056,0.6553005464480874,0.9137458092045109,0.7632382892057027,0.6738169563008745,0.9196277584325051,0.7649804722440611,0.6574863387978143,0.916793660469369,0.7657841140529532,0.6749311274273508,0.9210892192023763,0.7662262090159264,0.6592349726775957,0.9192319414812558,0.7678207739307537
BERT,journal,nice_to_have,88,397,362,216,35,0,0,not applicable to source-bound token classification,0.0,104,87,0,0,0.33302629764026825,0.5125090187590188,0.38460623971987606,0.287292817679558,0.48148148148148145,0.3598615916955017,0.5510669987692046,0.8805735930735931,0.6479035232444323,0.5276243093922652,0.8842592592592593,0.6608996539792388,0.5510669987692046,0.8805735930735931,0.6479035232444323,0.5276243093922652,0.8842592592592593,0.6608996539792388,0.5510669987692046,0.8805735930735931,0.6479035232444323,0.5276243093922652,0.8842592592592593,0.6608996539792388
BERT,merged,all_skills,318,8857,8488,6893,363,6,0,not applicable to source-bound token classification,0.0,4179,1896,15,9,0.48771397821658785,0.5979610636656151,0.5295683209659356,0.4923421300659755,0.6062672276222254,0.5433976984591379,0.7151313435774689,0.877238404732519,0.774926469841685,0.7157163053722903,0.8813288843754533,0.7899356348741954,0.7167295774085266,0.8793629746476553,0.7767341693007732,0.717483506126296,0.883505005077615,0.7918860932319096,0.717473300536842,0.8802132911461548,0.7775237879594623,0.7185438265786993,0.884810677498912,0.7930563682465379
BERT,merged,hard_skills,317,6546,6291,4463,252,3,0,not applicable to source-bound token classification,0.0,2639,1292,10,10,0.4326098483380582,0.5980783601567582,0.4909416688673194,0.41948815768558256,0.5913062962133094,0.49079412311697973,0.6280364420998805,0.8786431370823669,0.7163047977406155,0.6248609124145604,0.880797669728882,0.7310768086293472,0.6297013757241646,0.8807790435479622,0.7181453212040124,0.6264504848195835,0.88303831503473,0.732936581737028,0.630975445234488,0.8826655900454302,0.7196474545810019,0.6280400572246065,0.8852789603405781,0.734796354844709
BERT,merged,soft_skills,294,3050,2849,2064,201,0,0,not applicable to source-bound token classification,0.0,1327,505,7,2,0.48014465499215947,0.6431812756416282,0.531311617514731,0.46577746577746576,0.6429263565891473,0.540199470791777,0.6667230891438745,0.8923990710842294,0.7377256456135539,0.6430326430326431,0.8875968992248062,0.7457765112965601,0.6687323829093444,0.895090465102154,0.7399904566183827,0.6454896454896455,0.8909883720930233,0.7486260940362304,0.6690042785014371,0.8953828627629726,0.7402716770023609,0.6461916461916462,0.8919573643410853,0.7494402605332792
BERT,merged,distinct_skills,140,476,462,355,14,0,0,not applicable to source-bound token classification,0.0,113,101,0,1,0.27294485743015157,0.3046740362811791,0.2652611475825762,0.24458874458874458,0.3183098591549296,0.2766217870257038,0.4553149336657739,0.5935856009070294,0.4706666468452182,0.46320346320346323,0.6028169014084507,0.5238678090575275,0.4553149336657739,0.5935856009070294,0.4706666468452182,0.46320346320346323,0.6028169014084507,0.5238678090575275,0.45710064795148825,0.5947760770975056,0.47209521827378964,0.4653679653679654,0.6056338028169014,0.5263157894736842
BERT,merged,must_have,303,6543,6184,4422,352,7,0,not applicable to source-bound token classification,0.0,2622,1250,7,6,0.416711234585987,0.5967374569757896,0.4696727541017349,0.4239974126778784,0.592944369063772,0.494437111069206,0.599588204848515,0.8597744285136935,0.6751085017137213,0.6261319534282018,0.8756218905472637,0.7301527437299643,0.600523512965161,0.8608571855989258,0.6761090066271076,0.6272639068564037,0.8772048846675712,0.7314727512728644,0.6009750030509409,0.8614490996035901,0.6766152453066897,0.6282341526520052,0.878561736770692,0.7326041863096361
BERT,merged,nice_to_have,172,963,933,664,30,0,0,not applicable to source-bound token classification,0.0,370,172,0,0,0.39591661633340297,0.5548085991935441,0.435869198033962,0.3965702036441586,0.5572289156626506,0.46336881653099565,0.5794245644786091,0.8404484166724068,0.6446989241373456,0.5809217577706324,0.8162650602409639,0.6787726988102692,0.5794245644786091,0.8404484166724068,0.6446989241373456,0.5809217577706324,0.8162650602409639,0.6787726988102692,0.5794245644786091,0.8404484166724068,0.6446989241373456,0.5809217577706324,0.8162650602409639,0.6787726988102692
BART,it,all_skills,157,1859,1859,3296,0,0,55,not recoverable from retained parsed artifacts,0.029585798816568046,1099,463,21,5,0.5746406571244441,0.3458944270435417,0.41707468587034363,0.5911780527165142,0.33343446601941745,0.4263821532492725,0.8324914065624659,0.49476376249341036,0.5988083549905574,0.8402366863905325,0.47390776699029125,0.6060135790494665,0.8441113076568895,0.5023928755924533,0.6077613024885764,0.8515330823023131,0.48027912621359226,0.6141610087293891,0.8468018286678933,0.504262172497344,0.6098991058237017,0.8542227003765466,0.4817961165048544,0.6161008729388944
BART,it,hard_skills,157,941,940,2066,1,0,38,not recoverable from retained parsed artifacts,0.04042553191489362,440,253,5,7,0.42439181774888035,0.2605614052673576,0.29587608554412353,0.46808510638297873,0.21297192642787996,0.2927478376580173,0.7300448251843906,0.3947365503932055,0.4649517024374251,0.7372340425531915,0.3354307841239109,0.4610778443113772,0.7363080948234565,0.3969733558147243,0.4682049893517477,0.7425531914893617,0.3378509196515005,0.46440452428476386,0.7428253832674965,0.3999699283691837,0.47220918848195076,0.75,0.34123910939012586,0.46906187624750495
BART,it,soft_skills,153,751,751,1169,0,0,40,not recoverable from retained parsed artifacts,0.05326231691078562,398,188,7,3,0.49552555287849415,0.37377604818720583,0.3995795171440298,0.5299600532623169,0.34046193327630453,0.41458333333333336,0.7885421405029248,0.5586894552080007,0.6062106352605869,0.7802929427430093,0.5012831479897348,0.6104166666666666,0.804500746167413,0.570179236305625,0.6189602918010931,0.7896138482023968,0.5072711719418306,0.6177083333333334,0.8085468090370052,0.5737740075474549,0.6225515678837188,0.7936085219707057,0.5098374679213002,0.6208333333333332
BART,it,distinct_skills,42,47,47,89,0,0,6,not recoverable from retained parsed artifacts,0.1276595744680851,14,7,0,1,0.2857142857142857,0.2174603174603174,0.23290043290043289,0.2978723404255319,0.15730337078651685,0.20588235294117646,0.44047619047619047,0.3543650793650793,0.3694083694083694,0.44680851063829785,0.23595505617977527,0.30882352941176466,0.44047619047619047,0.3543650793650793,0.3694083694083694,0.44680851063829785,0.23595505617977527,0.30882352941176466,0.4642857142857143,0.37817460317460316,0.39321789321789324,0.46808510638297873,0.24719101123595505,0.3235294117647059
BART,it,must_have,143,820,820,1143,0,0,27,not recoverable from retained parsed artifacts,0.032926829268292684,344,155,4,1,0.44051941020266816,0.3413506747503313,0.3492465669965171,0.4195121951219512,0.3009623797025372,0.35048395313295977,0.6622392673143394,0.495868485717671,0.5040487855609073,0.6085365853658536,0.43657042869641294,0.5084055017829852,0.6656360967292683,0.4997127697758588,0.5074571419104401,0.6134146341463415,0.44006999125109364,0.5124808965868569,0.6665102226033941,0.5014610215241105,0.5086226430759413,0.6146341463414634,0.4409448818897638,0.5134997452878247
BART,it,nice_to_have,83,354,352,447,1,1,10,not recoverable from retained parsed artifacts,0.028409090909090908,126,49,0,0,0.3320163771971001,0.30091649349734323,0.301005562791691,0.35795454545454547,0.28187919463087246,0.31539424280350437,0.45089839878996507,0.38329298053457855,0.39295929818911035,0.4971590909090909,0.39149888143176736,0.4380475594493116,0.45089839878996507,0.38329298053457855,0.39295929818911035,0.4971590909090909,0.39149888143176736,0.4380475594493116,0.45089839878996507,0.38329298053457855,0.39295929818911035,0.4971590909090909,0.39149888143176736,0.4380475594493116
BART,journal,all_skills,161,1920,1920,3598,0,0,87,not recoverable from retained parsed artifacts,0.0453125,977,531,33,23,0.49616692594819983,0.2997660380131498,0.35707191992108295,0.5088541666666667,0.2715397443023902,0.35411380935121417,0.7867669007089251,0.46026583706630053,0.552487194788644,0.7854166666666667,0.4191217342968316,0.5465748459586807,0.8042642517286864,0.4716219596639737,0.56551425114791,0.8026041666666667,0.4282934963868816,0.5585357013410656,0.8161017156535177,0.4787896918889179,0.5736902260898723,0.8145833333333333,0.43468593663146193,0.5668720550924248
BART,journal,hard_skills,161,1326,1326,2399,0,0,59,not recoverable from retained parsed artifacts,0.0444947209653092,529,369,25,14,0.38962995782306586,0.24871962627093594,0.28822142689925423,0.39894419306184015,0.220508545227178,0.2840268456375839,0.661232067028221,0.42410872118276455,0.48748126782480466,0.6772247360482655,0.37432263443101293,0.4821476510067115,0.6801511396740016,0.43871871815361235,0.5021669092983526,0.696078431372549,0.38474364318466026,0.49557046979865765,0.6955046380075162,0.44507131873558947,0.5097063546819662,0.7066365007541479,0.3905794080867028,0.5030872483221477
BART,journal,soft_skills,142,725,725,892,0,0,27,not recoverable from retained parsed artifacts,0.037241379310344824,456,74,13,0,0.6129871009272416,0.5495065691006039,0.5554165606483893,0.6289655172413793,0.5112107623318386,0.5640074211502784,0.7363059378024167,0.6545130971394434,0.6617627969347536,0.7310344827586207,0.594170403587444,0.655534941249227,0.7529630776109648,0.6683521923165668,0.6764050692283314,0.7489655172413793,0.6087443946188341,0.6716141001855288,0.7529630776109648,0.6683521923165668,0.6764050692283314,0.7489655172413793,0.6087443946188341,0.6716141001855288
BART,journal,distinct_skills,98,137,137,266,0,0,62,not recoverable from retained parsed artifacts,0.45255474452554745,25,24,5,5,0.1649659863945578,0.1433673469387755,0.1487528344671202,0.18248175182481752,0.09398496240601503,0.12406947890818856,0.3877551020408163,0.254247651441529,0.2785066407515387,0.35766423357664234,0.18421052631578946,0.24317617866004962,0.4260204081632653,0.2766966310333657,0.3054340783932621,0.39416058394160586,0.20300751879699247,0.2679900744416874,0.461734693877551,0.29090945902170395,0.3243683187560738,0.4306569343065693,0.22180451127819548,0.292803970223325
BART,journal,must_have,161,1469,1469,3281,0,0,89,not recoverable from retained parsed artifacts,0.0605854322668482,736,411,31,12,0.49780783393691597,0.25826329153849714,0.31992883193260346,0.5010211027910143,0.22432185309356903,0.3098947368421053,0.7802457611150212,0.3944278908699518,0.490333144586504,0.7808032675289313,0.3495885400792441,0.4829473684210526,0.813660021834916,0.4061249324296318,0.5055451180416645,0.8019060585432267,0.3590368790003048,0.49599999999999994,0.8198434760618485,0.4091725323660754,0.5093706299721912,0.810074880871341,0.3626943005181347,0.5010526315789474
BART,journal,nice_to_have,88,137,137,216,0,0,25,not recoverable from retained parsed artifacts,0.18248175182481752,42,29,6,2,0.26041666666666663,0.20686327561327558,0.2177858126721763,0.30656934306569344,0.19444444444444445,0.23796033994334276,0.4971590909090909,0.3464917027417027,0.3832078905942542,0.5182481751824818,0.3287037037037037,0.40226628895184136,0.5520833333333334,0.37433261183261185,0.4158377607241244,0.5620437956204379,0.35648148148148145,0.4362606232294617,0.5615530303030304,0.38285533910533914,0.42476633215269577,0.5766423357664233,0.36574074074074076,0.4475920679886686
BART,merged,all_skills,318,3551,3551,6893,0,0,141,not recoverable from retained parsed artifacts,0.03970712475359054,1843,1042,55,22,0.5180689170369824,0.29085447204232984,0.3556100974101422,0.5190087299352295,0.26737269693892357,0.35292991191114514,0.819307372025257,0.45391841810925254,0.5562479298666824,0.8124471979724022,0.41854054838241694,0.5524703178858675,0.8333938521669976,0.4627083460103503,0.566572659102429,0.827935792734441,0.4265196576236762,0.5630026809651475,0.840322780846436,0.46700026994358446,0.5714895450144171,0.8341312306392565,0.4297113013201799,0.5672156261968594
BART,merged,hard_skills,317,3208,3208,4463,0,0,81,not recoverable from retained parsed artifacts,0.02524937655860349,1488,762,37,30,0.4697496424752272,0.36893025495936016,0.3936948824251061,0.46384039900249374,0.33340802151019494,0.38795463433711386,0.7100387725898472,0.5544829762920812,0.5896179439777157,0.7013715710723192,0.5041451938158189,0.5866249511145875,0.7219181300104599,0.563294016732642,0.598861239352439,0.7129052369077307,0.5124355814474568,0.5962716725329161,0.7286803110403721,0.5684757946463213,0.6044870375715126,0.7222568578553616,0.5191575173650012,0.6040933385477775
BART,merged,soft_skills,294,1692,1692,2064,0,0,41,not recoverable from retained parsed artifacts,0.024231678486997636,932,298,17,1,0.5347733260248266,0.47441437967595795,0.4780611433102113,0.5508274231678487,0.45155038759689925,0.49627263045793407,0.729511222293335,0.6381018873539566,0.6445201134296078,0.7269503546099291,0.5959302325581395,0.6549520766773164,0.7386110038420963,0.6443198002045226,0.6517393982158994,0.7369976359338062,0.6041666666666666,0.6640042598509053,0.7391778972661325,0.6454535870525951,0.6524952561146145,0.7375886524822695,0.6046511627906976,0.6645367412140575
BART,merged,distinct_skills,140,206,206,355,0,0,47,not recoverable from retained parsed artifacts,0.22815533980582525,45,40,4,4,0.20714285714285713,0.14057256235827664,0.15855406498263644,0.21844660194174756,0.1267605633802817,0.16042780748663102,0.425,0.2812358276643991,0.31235472860472857,0.41262135922330095,0.23943661971830985,0.30303030303030304,0.45357142857142857,0.29433106575963713,0.32878330003330003,0.4320388349514563,0.2507042253521127,0.31729055258467026,0.4785714285714286,0.3139739229024943,0.34949758574758577,0.45145631067961167,0.2619718309859155,0.3315508021390374
BART,merged,must_have,303,2635,2635,4422,0,0,57,not recoverable from retained parsed artifacts,0.021631878557874764,1233,577,16,18,0.4570341637989412,0.3211490449127729,0.34411696065850617,0.4679316888045541,0.27883310719131615,0.34944027207028483,0.68144444275071,0.46954061019820353,0.5021997839400506,0.6869070208728653,0.4093170511080959,0.5129658495111238,0.6872504861046614,0.4740785481643369,0.506810152727329,0.6929791271347249,0.4129353233830846,0.5175003542581833,0.6937109674653346,0.4844546852517395,0.5128175267747999,0.6998102466793169,0.41700587969244685,0.5226016720986254
BART,merged,nice_to_have,172,604,604,664,0,0,8,not recoverable from retained parsed artifacts,0.013245033112582781,258,104,2,1,0.44482933087584253,0.41026016856800207,0.39715006996195523,0.4271523178807947,0.3885542168674699,0.4069400630914826,0.6297700845665961,0.5783538744677055,0.5627015301285987,0.5993377483443708,0.5451807228915663,0.5709779179810726,0.6331615574348133,0.580970153537473,0.5656085068727847,0.6026490066225165,0.5481927710843374,0.5741324921135648,0.6350995419309373,0.5867841070258452,0.5685154836169708,0.6043046357615894,0.5496987951807228,0.5757097791798106
GPT,it,all_skills,157,4825,4824,3296,0,1,38,not recoverable from retained parsed artifacts,0.007877280265339967,1945,853,5,14,0.39470583855839336,0.5810946539355126,0.45947130191019203,0.40319237147595355,0.5901092233009708,0.47906403940886694,0.5756003284656039,0.8488368712486305,0.6680413351795669,0.5800165837479271,0.8489077669902912,0.6891625615763547,0.5766103276886456,0.8501865250588945,0.669187677360117,0.5810530679933665,0.8504247572815534,0.6903940886699508,0.5793381811757162,0.8547275962225545,0.6723884112855322,0.5839552238805971,0.8546723300970874,0.6938423645320198
GPT,it,hard_skills,157,2344,2344,2066,0,0,14,not recoverable from retained parsed artifacts,0.005972696245733789,1123,390,1,8,0.4752301270893381,0.5466426437029541,0.48933787289425656,0.47909556313993173,0.5435624394966118,0.509297052154195,0.640774576152578,0.746847149094542,0.6635255862005494,0.6454778156996587,0.7323330106485963,0.6861678004535148,0.6410930474901578,0.7473021081482272,0.6639002583624077,0.6459044368600683,0.7328170377541142,0.6866213151927437,0.644205881120039,0.7507557054378631,0.6670209398132976,0.6493174061433447,0.7366892545982575,0.6902494331065759
GPT,it,soft_skills,153,1860,1860,1169,0,0,3,not recoverable from retained parsed artifacts,0.0016129032258064516,599,375,7,2,0.33083039211009496,0.5174709829068476,0.38372385296508404,0.32204301075268815,0.5124037639007699,0.3955100693298118,0.5385341955269494,0.8481796400132466,0.6258298280291033,0.5236559139784946,0.8331907613344739,0.6431165401122483,0.54204248509662,0.852957106555419,0.6297950776520552,0.5274193548387097,0.8391787852865698,0.6477385275668537,0.5428867116761408,0.8542048783914261,0.6308006080693505,0.5284946236559139,0.8408896492728828,0.6490590954110267
GPT,it,distinct_skills,42,245,245,89,0,0,1,not recoverable from retained parsed artifacts,0.004081632653061225,52,15,0,1,0.2668603552532124,0.4438492063492063,0.3086270871985158,0.21224489795918366,0.5842696629213483,0.31137724550898205,0.36904289493575204,0.6986111111111111,0.4341407269978698,0.27346938775510204,0.7528089887640449,0.40119760479041916,0.36904289493575204,0.6986111111111111,0.4341407269978698,0.27346938775510204,0.7528089887640449,0.40119760479041916,0.3928524187452759,0.7224206349206349,0.4579502508073936,0.27755102040816326,0.7640449438202247,0.407185628742515
GPT,it,must_have,143,1017,1016,1143,1,0,4,not recoverable from retained parsed artifacts,0.003937007874015748,480,168,0,1,0.3792182230150592,0.4166133334555705,0.37060181144395715,0.47244094488188976,0.4199475065616798,0.444650301065308,0.5650026172167714,0.5846307849965319,0.5307926302078312,0.6377952755905512,0.5669291338582677,0.6002779064381658,0.5650026172167714,0.5846307849965319,0.5307926302078312,0.6377952755905512,0.5669291338582677,0.6002779064381658,0.5684991207132749,0.5863790367447835,0.5331236325388334,0.6387795275590551,0.5678040244969379,0.6012042612320518
GPT,it,nice_to_have,83,400,400,447,0,0,3,not recoverable from retained parsed artifacts,0.0075,241,93,0,1,0.5781900112250927,0.5614532406225495,0.5600058787536873,0.6025,0.5391498881431768,0.5690672963400236,0.8450314194821639,0.8026833696142511,0.7990127716829571,0.835,0.7472035794183445,0.7886658795749705,0.8450314194821639,0.8026833696142511,0.7990127716829571,0.835,0.7472035794183445,0.7886658795749705,0.8570796122532481,0.8050930081684681,0.8030288359399854,0.8375,0.7494407158836689,0.7910271546635183
GPT,journal,all_skills,161,4455,4437,3598,3,15,13,not recoverable from retained parsed artifacts,0.002929907595221997,1655,1096,9,14,0.3702575439905657,0.48478113220752256,0.41094628672516154,0.3729997746224927,0.4599777654252362,0.4119477286869944,0.6097056387960477,0.8010937047168563,0.6766892298784207,0.6200135226504395,0.7645914396887159,0.6847542003733665,0.6117614171521825,0.8044803083119931,0.6791903810831287,0.6220419202163624,0.7670928293496387,0.686994399502178,0.6145739117998242,0.8076752613573076,0.6821478080923864,0.6251972053189092,0.7709838799332963,0.6904791537025513
GPT,journal,hard_skills,161,1330,1326,2399,4,0,1,not recoverable from retained parsed artifacts,0.0007541478129713424,414,479,1,5,0.28535580915034986,0.15807776479133723,0.19508147791975594,0.31221719457013575,0.17257190496040017,0.22228187919463088,0.6671115969497794,0.4090964230117265,0.47544458008909396,0.6734539969834088,0.37223843268028345,0.4794630872483222,0.66814679363715,0.40966107575029226,0.4761753071625321,0.6742081447963801,0.37265527303042933,0.48,0.6726662444380652,0.4118181857338738,0.47906384163001386,0.6779788838612368,0.3747394747811588,0.4826845637583893
GPT,journal,soft_skills,142,1683,1683,892,0,0,4,not recoverable from retained parsed artifacts,0.0023767082590612004,594,207,2,6,0.3578726842134685,0.6309587695513545,0.43578063549363416,0.35294117647058826,0.6659192825112108,0.46135922330097084,0.49156347546621243,0.8862645472680684,0.6020604575264104,0.47593582887700536,0.897982062780269,0.6221359223300972,0.49292162435957254,0.8882207288017145,0.6036295538016747,0.477124183006536,0.9002242152466368,0.6236893203883496,0.4974634176026914,0.9239350145160004,0.611467588854612,0.48068924539512775,0.9069506726457399,0.6283495145631068
GPT,journal,distinct_skills,98,492,492,266,0,0,1,not recoverable from retained parsed artifacts,0.0020325203252032522,54,106,0,3,0.14720105991114396,0.17186588921282797,0.13723914009580906,0.10975609756097561,0.20300751879699247,0.1424802110817942,0.3955524883946252,0.6320375769355361,0.4179126943730153,0.3252032520325203,0.6015037593984962,0.42216358839050133,0.3955524883946252,0.6320375769355361,0.4179126943730153,0.3252032520325203,0.6015037593984962,0.42216358839050133,0.4006950215983829,0.6430919987042436,0.42443196874943256,0.3313008130081301,0.6127819548872181,0.43007915567282323
GPT,journal,must_have,161,1053,1053,3281,0,0,4,not recoverable from retained parsed artifacts,0.003798670465337132,530,366,2,9,0.3762050288645535,0.16248751604605371,0.21098992120770083,0.50332383665717,0.16153611703748857,0.2445777572681126,0.7123378394392128,0.2951222198176294,0.3819693732837165,0.8509021842355176,0.27308747333130146,0.4134748500230733,0.7130920541685828,0.29558715025967663,0.38253692167735187,0.8528015194681862,0.2736970435842731,0.4143977849561606,0.7200900707665263,0.2975550187165274,0.3852898645680233,0.8613485280151947,0.27644010972264554,0.41855099215505304
GPT,journal,nice_to_have,88,240,240,216,0,0,0,not recoverable from retained parsed artifacts,0.0,115,78,0,0,0.4924242424242424,0.558008658008658,0.5103219696969696,0.4791666666666667,0.5324074074074074,0.5043859649122807,0.8096320346320347,0.8951388888888889,0.8218967511246923,0.8041666666666667,0.8935185185185185,0.8464912280701754,0.8096320346320347,0.8951388888888889,0.8218967511246923,0.8041666666666667,0.8935185185185185,0.8464912280701754,0.8096320346320347,0.8951388888888889,0.8218967511246923,0.8041666666666667,0.8935185185185185,0.8464912280701754
GPT,merged,all_skills,318,9304,9283,6893,5,16,49,not recoverable from retained parsed artifacts,0.005278466013142303,3573,1950,12,31,0.37814615708713767,0.5279025999570549,0.4300574226154308,0.3848971237746418,0.5183519512548963,0.4417655786350148,0.5876831750196753,0.8210225345244203,0.6666766062087653,0.5949585263384681,0.801247642535906,0.6828635014836795,0.588913032236341,0.8228531597666483,0.6681126573285673,0.5962512118927071,0.8029885390976352,0.684347181008902,0.592192081616103,0.8271640914737133,0.6716552158060742,0.599590649574491,0.8074858552154359,0.6881800197823937
GPT,merged,hard_skills,317,3640,3635,4463,5,0,27,not recoverable from retained parsed artifacts,0.007427785419532325,1487,860,0,14,0.3745596996714065,0.3486480966002172,0.33674790708307506,0.4090784044016506,0.3331839569796101,0.36725117312916766,0.6433857792049805,0.5693029508836597,0.5576191255657439,0.6456671251719395,0.5258794532825454,0.5796492961224994,0.6433857792049805,0.5693029508836597,0.5576191255657439,0.6456671251719395,0.5258794532825454,0.5796492961224994,0.6480107749224551,0.5728056912466881,0.5613921707486088,0.6495185694635488,0.5290163567107327,0.5831069399851815
GPT,merged,soft_skills,294,3459,3459,2064,0,0,7,not recoverable from retained parsed artifacts,0.002023706273489448,1188,574,7,6,0.35238088373414705,0.5742286665558606,0.4159412599236135,0.3434518647007806,0.5755813953488372,0.43020097772949484,0.524049796636399,0.870426791072681,0.6213362397086118,0.5093957791269152,0.8536821705426356,0.6380590258917255,0.5262259051750524,0.8731526036199222,0.6237372216194831,0.5114194854004047,0.8570736434108527,0.6405938801376063,0.5279518733400963,0.8820219089177989,0.626384729193099,0.5131540907776814,0.8599806201550387,0.6427666123483614
GPT,merged,distinct_skills,140,762,762,355,0,0,2,not recoverable from retained parsed artifacts,0.0026246719160104987,115,126,0,6,0.18185451744800482,0.25703798185941046,0.1900140464130848,0.15091863517060367,0.323943661971831,0.20590868397493284,0.40063107294199735,0.6719982993197279,0.43845369091395686,0.31627296587926507,0.6788732394366197,0.4315129811996418,0.40063107294199735,0.6719982993197279,0.43845369091395686,0.31627296587926507,0.6788732394366197,0.4315129811996418,0.4125344176131991,0.689141156462585,0.45164127777665897,0.3241469816272966,0.6957746478873239,0.4422560429722471
GPT,merged,must_have,303,1996,1995,4422,1,0,13,not recoverable from retained parsed artifacts,0.006516290726817042,944,495,3,15,0.3932098536560178,0.28722358616862853,0.28811571089013055,0.4731829573934837,0.21347806422433288,0.29421848215677104,0.6516119738509834,0.4332195871564926,0.4470623339665554,0.7213032581453634,0.3254183627317956,0.44849618201651864,0.6534562759282498,0.43377291629893067,0.44777848401293263,0.7228070175438597,0.32609678878335596,0.449431198379305,0.6598721860824627,0.43556406834308015,0.45024895370154155,0.7303258145363408,0.32948891904115785,0.4541062801932368
GPT,merged,nice_to_have,172,656,656,664,0,0,5,not recoverable from retained parsed artifacts,0.007621951219512195,353,174,0,1,0.5064572032125042,0.5214612906473373,0.5031250344103141,0.538109756097561,0.5316265060240963,0.5348484848484849,0.7982424552191995,0.8487102401882084,0.7924845936397346,0.8033536585365854,0.7936746987951807,0.7984848484848486,0.7982424552191995,0.8487102401882084,0.7924845936397346,0.8033536585365854,0.7936746987951807,0.7984848484848486,0.8040564087075716,0.8498730308858828,0.7944225781358584,0.8048780487804879,0.7951807228915663,0.8
Gemini,it,all_skills,157,3990,3990,3296,0,0,48,not recoverable from retained parsed artifacts,0.012030075187969926,1837,763,5,11,0.4462889868959875,0.5534401068397851,0.4833983788930311,0.46040100250626564,0.5573422330097088,0.5042547351084271,0.6382988691419715,0.7953657802809623,0.6910613899208795,0.6516290726817042,0.7888349514563107,0.7136975020587428,0.6396069767323452,0.7968043495357695,0.6924119348174098,0.6528822055137845,0.7903519417475728,0.7150699972550097,0.6422522407232589,0.7996647871191479,0.695129382435762,0.6556390977443609,0.7936893203883495,0.7180894866867965
Gemini,it,hard_skills,157,2040,2040,2066,0,0,22,not recoverable from retained parsed artifacts,0.010784313725490196,1095,323,0,4,0.5160676045733363,0.5245139338147091,0.4991890223055218,0.5367647058823529,0.5300096805421104,0.5333658061373601,0.6810310835397511,0.6990892777965872,0.6620819323575917,0.6950980392156862,0.686350435624395,0.6906965416463712,0.6810310835397511,0.6990892777965872,0.6620819323575917,0.6950980392156862,0.686350435624395,0.6906965416463712,0.6825569462121105,0.7001753646773115,0.6633228622656229,0.6970588235294117,0.6882865440464666,0.6926449098879689
Gemini,it,soft_skills,153,1329,1329,1169,0,0,10,not recoverable from retained parsed artifacts,0.007524454477050414,535,327,10,1,0.402359526927001,0.47192624747563133,0.41446980482627294,0.40255831452219715,0.4576561163387511,0.42834267413931143,0.6454103822615933,0.7422739037472238,0.6609022138518431,0.6486079759217457,0.737382378100941,0.6901521216973578,0.6523552219919001,0.7498241965916342,0.6680624636100815,0.6561324303987961,0.7459366980325064,0.6981585268214572,0.6528998843012684,0.7506411900556865,0.6687160583813233,0.6568848758465011,0.7467921300256629,0.6989591673338671
Gemini,it,distinct_skills,42,137,137,89,0,0,0,not recoverable from retained parsed artifacts,0.0,43,10,0,1,0.2753968253968254,0.3277777777777778,0.2796863189720333,0.31386861313868614,0.48314606741573035,0.38053097345132747,0.4335600907029478,0.5230158730158729,0.4440682333539477,0.38686131386861317,0.5955056179775281,0.46902654867256643,0.4335600907029478,0.5230158730158729,0.4440682333539477,0.38686131386861317,0.5955056179775281,0.46902654867256643,0.45736961451247166,0.5468253968253968,0.46787775716347146,0.39416058394160586,0.6067415730337079,0.47787610619469023
Gemini,it,must_have,143,1040,1039,1143,1,0,4,not recoverable from retained parsed artifacts,0.0038498556304138597,561,187,0,1,0.5061713069694425,0.5065144773776935,0.4764505982029064,0.5399422521655438,0.49081364829396323,0.5142071494042163,0.705629602482432,0.7068997161506954,0.6633619800866392,0.7199230028873917,0.6544181977252843,0.6856095325389551,0.705629602482432,0.7068997161506954,0.6633619800866392,0.7199230028873917,0.6544181977252843,0.6856095325389551,0.7065037283565578,0.7073659166168959,0.6639700676512486,0.7208854667949952,0.6552930883639545,0.6865261228230981
Gemini,it,nice_to_have,83,355,355,447,0,0,0,not recoverable from retained parsed artifacts,0.0,213,103,1,0,0.5228719308095637,0.4971040690444623,0.5002471203375588,0.6,0.47651006711409394,0.5311720698254364,0.8742499920742303,0.7710625138970097,0.789616916463433,0.8901408450704226,0.7069351230425056,0.7880299251870324,0.8862981848453146,0.7734721524512266,0.7936329807204611,0.8929577464788733,0.70917225950783,0.7905236907730673,0.8862981848453146,0.7734721524512266,0.7936329807204611,0.8929577464788733,0.70917225950783,0.7905236907730673
Gemini,journal,all_skills,161,3476,3473,3598,3,0,37,not recoverable from retained parsed artifacts,0.010653613590555715,1435,876,13,15,0.411400264361913,0.4271083724186251,0.4086838798653941,0.4131874460120933,0.39883268482490275,0.4058831848394852,0.656089013975623,0.68473914514709,0.652488866704105,0.665418946156061,0.642301278488049,0.6536557771178051,0.6600549393302058,0.689111377299478,0.656562978283708,0.6691621076878779,0.6459143968871596,0.6573327676424834,0.6643819219903434,0.692985460088766,0.6605731257109192,0.6734811402245897,0.6500833796553641,0.6615754490171121
Gemini,journal,hard_skills,161,1367,1363,2399,4,0,11,not recoverable from retained parsed artifacts,0.008070432868672046,421,527,2,11,0.28111363036944254,0.16537583223095878,0.19967132279044694,0.30887747615553923,0.17548978741142143,0.22381711855396064,0.6908887413601085,0.4453191619168675,0.5100285735534544,0.6955245781364637,0.39516465193830763,0.5039872408293461,0.6924885907860447,0.44609555943239554,0.5110736292568954,0.6969919295671313,0.3959983326385994,0.505050505050505,0.7005606484004365,0.4531372092507294,0.5178898736474409,0.7050623624358033,0.40058357649020426,0.5108984582668793
Gemini,journal,soft_skills,142,1179,1179,892,0,0,9,not recoverable from retained parsed artifacts,0.007633587786259542,581,172,5,2,0.48128452659832105,0.626829227455781,0.5244480427365852,0.49279050042408823,0.6513452914798207,0.5610816030902945,0.6380910451281205,0.8429650817285449,0.6977535405650948,0.638676844783715,0.844170403587444,0.7271849348140994,0.6424281790427192,0.848798694516383,0.7025109561493706,0.6429177268871925,0.8497757847533632,0.7320135200386286,0.6441384406121358,0.8507939996807022,0.7043248699351154,0.6446140797285835,0.852017937219731,0.7339449541284404
Gemini,journal,distinct_skills,98,263,263,266,0,0,1,not recoverable from retained parsed artifacts,0.0038022813688212928,40,71,0,4,0.1520408163265306,0.15895691609977325,0.14238397656765003,0.1520912547528517,0.15037593984962405,0.15122873345935728,0.40986394557823125,0.47021379980563655,0.39196772615139963,0.4220532319391635,0.41729323308270677,0.4196597353497164,0.40986394557823125,0.47021379980563655,0.39196772615139963,0.4220532319391635,0.41729323308270677,0.4196597353497164,0.4207482993197279,0.479907677356657,0.4015327642878664,0.4372623574144487,0.4323308270676692,0.43478260869565216
Gemini,journal,must_have,161,941,941,3281,0,0,7,not recoverable from retained parsed artifacts,0.007438894792773645,486,397,4,4,0.5060170592002889,0.1696435600347876,0.23634267751809476,0.5164718384697131,0.14812557147211217,0.23022264329701567,0.9120707708440627,0.3070525285040714,0.4286569803350203,0.9383634431455898,0.26912526668698566,0.41828517290383704,0.9209907156335729,0.31037066966080545,0.43341711552993806,0.9426142401700319,0.27034440719292896,0.42018000947418277,0.923061109008314,0.31141283765243993,0.43479678026364005,0.946865037194474,0.2715635476988723,0.42207484604452866
Gemini,journal,nice_to_have,88,209,209,216,0,0,2,not recoverable from retained parsed artifacts,0.009569377990430622,122,64,1,0,0.574607683982684,0.6075306637806638,0.58112614880663,0.583732057416268,0.5648148148148148,0.5741176470588235,0.8802083333333333,0.877020202020202,0.8588212626648456,0.8899521531100478,0.8611111111111112,0.8752941176470588,0.8858901515151515,0.8827020202020202,0.8645030808466637,0.8947368421052632,0.8657407407407407,0.88,0.8858901515151515,0.8827020202020202,0.8645030808466637,0.8947368421052632,0.8657407407407407,0.88
Gemini,merged,all_skills,318,7520,7515,6893,5,0,82,not recoverable from retained parsed artifacts,0.010911510312707918,3263,1633,17,27,0.4255332508847592,0.49010151752234854,0.44370641342819267,0.4341982701264138,0.4733787900768896,0.45294280955024985,0.639806299020081,0.7375730815359457,0.6658427491993123,0.651497005988024,0.7102857971855505,0.679622431982232,0.6423290040738856,0.7403471875168267,0.6684324443836738,0.6537591483699268,0.712752067314667,0.6819822320932815,0.6458494768303423,0.7438274000222205,0.67184955094708,0.6573519627411843,0.7166690845785579,0.685730149916713
Gemini,merged,hard_skills,317,3329,3324,4463,5,0,58,not recoverable from retained parsed artifacts,0.017448856799037304,1449,834,3,20,0.39718163769759146,0.3427943490968673,0.345686518865286,0.4359205776173285,0.32466950481738743,0.3721587260819314,0.6801646860806378,0.5592035614840962,0.5734028526736561,0.6868231046931408,0.5115393233251176,0.5863618851932707,0.6814278813501422,0.5598491667293489,0.5742529984284789,0.6877256317689531,0.5122115169168721,0.587132400154103,0.6884538917042039,0.5660873272348376,0.5804728320851781,0.6937424789410349,0.5166928075285683,0.5922691665596508
Gemini,merged,soft_skills,294,2468,2468,2064,0,0,23,not recoverable from retained parsed artifacts,0.009319286871961102,1100,489,10,2,0.44705671660431817,0.5427845985476933,0.46897277424132205,0.44570502431118314,0.5329457364341085,0.4854368932038834,0.6475432576158736,0.7879183238513812,0.6789022423253007,0.6438411669367909,0.7698643410852714,0.7012356575463371,0.6522878610849668,0.7923658604417749,0.6834277048228994,0.6478930307941653,0.7747093023255814,0.705648720211827,0.6530572164461589,0.7934713026186457,0.6843347343013575,0.6487034035656402,0.7756782945736435,0.706531332744925
Gemini,merged,distinct_skills,140,422,422,355,0,0,2,not recoverable from retained parsed artifacts,0.004739336492890996,92,84,0,5,0.1845238095238095,0.21496031746031746,0.18292729819200407,0.21800947867298578,0.2591549295774648,0.2368082368082368,0.4413775510204081,0.5067743764172337,0.42956911249348223,0.41706161137440756,0.49577464788732395,0.45302445302445304,0.4413775510204081,0.5067743764172337,0.42956911249348223,0.41706161137440756,0.49577464788732395,0.45302445302445304,0.4618537414965986,0.5212981859410432,0.4449659378903077,0.42890995260663506,0.5098591549295775,0.4658944658944658
Gemini,merged,must_have,303,1941,1941,4422,0,0,8,not recoverable from retained parsed artifacts,0.004121586810922205,1008,585,2,6,0.49802282042920126,0.3240398650363973,0.34484598218587237,0.5193199381761978,0.22795115332428764,0.31683168316831684,0.8106038648528899,0.48962020624486907,0.533593255577168,0.8207109737248841,0.36024423337856176,0.5007072135785007,0.8116764721136162,0.49020644907967886,0.534345467550502,0.8217413704276146,0.36069651741293535,0.5013358478705014,0.8144031733551688,0.4914266211046829,0.535992254275429,0.8248325605358063,0.3620533695160561,0.5032217507465033
Gemini,merged,nice_to_have,172,569,569,664,0,0,3,not recoverable from retained parsed artifacts,0.005272407732864675,319,175,2,0,0.5155937304449616,0.5135247827108292,0.5038078815601418,0.5606326889279437,0.48042168674698793,0.5174371451743714,0.8596142068525789,0.8174071763270049,0.8080177941602137,0.8681898066783831,0.7439759036144579,0.8012976480129764,0.8683351370851371,0.8214769437688655,0.8128627554005238,0.8717047451669596,0.7469879518072289,0.8045417680454177,0.8683351370851371,0.8214769437688655,0.8128627554005238,0.8717047451669596,0.7469879518072289,0.8045417680454177
Claude,it,all_skills,157,3511,3511,3296,0,0,107,not recoverable from retained parsed artifacts,0.03047564796354315,1675,738,13,16,0.4601389553626531,0.5055615457560539,0.47096897517987335,0.4770720592423811,0.5081917475728155,0.49214044366093723,0.6780111976780455,0.7387853605457879,0.6883873948768225,0.687268584448875,0.7320995145631068,0.7089760540619952,0.6814027255544758,0.742726805638986,0.6919666692017609,0.6909712332668755,0.7360436893203883,0.7127956515351843,0.6856354267904177,0.7468799992435698,0.6960638331955685,0.6955283395044147,0.7408980582524272,0.7174966945791097
Claude,it,hard_skills,157,1837,1837,2066,0,0,28,not recoverable from retained parsed artifacts,0.015242242787152967,1008,337,4,4,0.5389780407777104,0.4974747491851014,0.4954688202405636,0.5487207403375068,0.4878993223620523,0.5165257494235204,0.7209876857104798,0.6727642295394656,0.667016868610156,0.7321720195971693,0.6510164569215876,0.6892134255700743,0.7234316324219424,0.6742905437840867,0.6688883907632738,0.7343494828524768,0.6529525653436592,0.6912631309249294,0.7254745735572402,0.6757547292116993,0.6705521509627833,0.7365269461077845,0.6548886737657309,0.6933128362797848
Claude,it,soft_skills,153,1175,1175,1169,0,0,34,not recoverable from retained parsed artifacts,0.02893617021276596,496,306,13,1,0.42136686298451004,0.4196196232680176,0.4024654409802939,0.4221276595744681,0.42429426860564584,0.42320819112627983,0.6787776656894303,0.6617632714655114,0.6433046392081224,0.6825531914893617,0.6860564585115483,0.6843003412969283,0.6940219856396327,0.6768165907469617,0.6583305534809819,0.6936170212765957,0.6971770744225834,0.6953924914675768,0.6951113102583691,0.677905915365698,0.6594198780997182,0.694468085106383,0.69803250641574,0.696245733788396
Claude,it,distinct_skills,42,131,131,89,0,0,12,not recoverable from retained parsed artifacts,0.0916030534351145,31,15,1,0,0.23633786848072566,0.3128968253968254,0.25236205593348454,0.2366412213740458,0.34831460674157305,0.28181818181818186,0.3974489795918367,0.4974206349206349,0.40096371882086174,0.3511450381679389,0.5168539325842697,0.41818181818181815,0.40538548752834475,0.5212301587301587,0.4128684807256236,0.35877862595419846,0.5280898876404494,0.42727272727272725,0.40538548752834475,0.5212301587301587,0.4128684807256236,0.35877862595419846,0.5280898876404494,0.42727272727272725
Claude,it,must_have,143,896,896,1143,0,0,12,not recoverable from retained parsed artifacts,0.013392857142857142,440,195,0,3,0.45911388918273677,0.3945765700145272,0.3988037839626184,0.49107142857142855,0.38495188101487315,0.43158410985777346,0.7279029057163461,0.6170115202893806,0.6234792046600182,0.7087053571428571,0.5555555555555556,0.6228543403629231,0.7279029057163461,0.6170115202893806,0.6234792046600182,0.7087053571428571,0.5555555555555556,0.6228543403629231,0.7301839579973984,0.6213627246405848,0.6257466342001752,0.7120535714285714,0.558180227471566,0.6257969592937714
Claude,it,nice_to_have,83,368,368,447,0,0,11,not recoverable from retained parsed artifacts,0.029891304347826088,184,134,0,0,0.4549910765272211,0.4411243058357834,0.4380730232331901,0.5,0.4116331096196868,0.45153374233128835,0.8788355553415795,0.7883350673141415,0.8017482990720806,0.8641304347826086,0.7114093959731543,0.7803680981595092,0.8788355553415795,0.7883350673141415,0.8017482990720806,0.8641304347826086,0.7114093959731543,0.7803680981595092,0.8788355553415795,0.7883350673141415,0.8017482990720806,0.8641304347826086,0.7114093959731543,0.7803680981595092
Claude,journal,all_skills,161,3868,3865,3598,3,0,373,not recoverable from retained parsed artifacts,0.09650711513583442,1327,1026,53,52,0.33852421461895893,0.3876693956516709,0.35320534033389683,0.34333764553686935,0.3688160088938299,0.35562106391531556,0.6023698325748756,0.6874636880900622,0.6269726255067744,0.608796895213454,0.6539744302390217,0.6305775157443387,0.6178496068060492,0.7036022610775128,0.6424910971552227,0.622509702457956,0.6687048360200111,0.6447809192013935,0.6303075473453612,0.7169388412054868,0.6551639266324006,0.6359637774902975,0.6831573096164536,0.6587163339139757
Claude,journal,hard_skills,161,1632,1628,2399,4,0,181,not recoverable from retained parsed artifacts,0.11117936117936118,411,600,23,36,0.23170645739319662,0.15340534858314722,0.17834021541288386,0.2524570024570025,0.1713213839099625,0.2041221753166129,0.6060771251260262,0.44928103859351165,0.4914930151636919,0.621007371007371,0.42142559399749896,0.5021107524211571,0.6242240457655914,0.4635173767446036,0.5068191389893005,0.6351351351351351,0.4310129220508545,0.5135336478768313,0.6507463916740786,0.48650252736509725,0.5302156075522242,0.6572481572481572,0.4460191746561067,0.5314129625031041
Claude,journal,soft_skills,142,1265,1265,892,0,0,38,not recoverable from retained parsed artifacts,0.030039525691699605,518,205,15,4,0.4111828941152405,0.5619062270004689,0.4554756950923448,0.40948616600790516,0.5807174887892377,0.4802967083912842,0.5821721733355623,0.8129898242004704,0.6497922074129552,0.5715415019762846,0.8105381165919282,0.6703755215577192,0.5924531022473942,0.8310266094027486,0.661667861824692,0.583399209486166,0.827354260089686,0.6842837273991654,0.5949995903261939,0.8404162807642509,0.6651790952533609,0.5865612648221344,0.8318385650224215,0.687992582290218
Claude,journal,distinct_skills,98,476,476,266,0,0,51,not recoverable from retained parsed artifacts,0.10714285714285714,45,78,5,8,0.12238419177194686,0.13464933592484613,0.11977081875041058,0.09453781512605042,0.16917293233082706,0.12129380053908353,0.3216459844010865,0.48574263038548754,0.343365591324775,0.25840336134453784,0.462406015037594,0.33153638814016173,0.3370654855348733,0.5200963718820861,0.36368540756295853,0.2689075630252101,0.48120300751879697,0.3450134770889488,0.35215575241085445,0.5418083900226758,0.3795105687962831,0.2857142857142857,0.5112781954887218,0.3665768194070081
Claude,journal,must_have,161,985,984,3281,1,0,54,not recoverable from retained parsed artifacts,0.054878048780487805,404,428,26,8,0.41226984713009557,0.13918815161181444,0.19346915033129802,0.4105691056910569,0.1231331911002743,0.18944900351699884,0.8526143542447889,0.3008484085102216,0.413517362611029,0.8455284552845529,0.25358122523620846,0.3901524032825322,0.8783849087420516,0.3119289020952073,0.4284200752258152,0.8719512195121951,0.26150563852484,0.4023446658851114,0.8845759916412089,0.313908853183208,0.43138333327824047,0.8800813008130082,0.26394391953672663,0.40609613130128963
Claude,journal,nice_to_have,88,226,226,216,0,0,13,not recoverable from retained parsed artifacts,0.05752212389380531,97,83,2,0,0.46174242424242423,0.468262987012987,0.4557182400932401,0.42920353982300885,0.44907407407407407,0.43891402714932126,0.8325667388167388,0.8372474747474747,0.8150561874993693,0.7964601769911505,0.8333333333333334,0.8144796380090498,0.8401424963924964,0.8467171717171719,0.8233895208327027,0.8053097345132744,0.8425925925925926,0.8235294117647058,0.8401424963924964,0.8467171717171719,0.8233895208327027,0.8053097345132744,0.8425925925925926,0.8235294117647058
Claude,merged,all_skills,318,7468,7463,6893,5,0,476,not recoverable from retained parsed artifacts,0.06378132118451026,3005,1758,61,69,0.3950342903731886,0.44683954578114643,0.4094536050121398,0.40265308857028004,0.4359495139997098,0.4186402897743104,0.631113595685292,0.7126917553825763,0.6518155195950289,0.6382151949618116,0.6909908602930509,0.6635553078852047,0.6397629969186858,0.7222293362703351,0.660670691619481,0.6463888516682299,0.6998404178151748,0.6720534967957649,0.648031949344386,0.7311422036674479,0.6690499244196595,0.6556344633525392,0.7098505730451182,0.6816662022847589
Claude,merged,hard_skills,317,3450,3445,4463,5,0,250,not recoverable from retained parsed artifacts,0.07256894049346879,1379,934,25,48,0.37326086579745527,0.325421156255193,0.3312952172889202,0.4002902757619739,0.30898498767645083,0.3487607486090035,0.6513901910890261,0.5567479301997417,0.5716058488799971,0.6714078374455733,0.5182612592426619,0.5849772382397572,0.6604745856270982,0.5634340968757781,0.5789632742267132,0.6786647314949201,0.5238628725072821,0.5912999494183104,0.6777105958738466,0.5789731085774409,0.5945553481179309,0.6925979680696662,0.5346179699753529,0.6034395548811331
Claude,merged,soft_skills,294,2385,2385,2064,0,0,61,not recoverable from retained parsed artifacts,0.025576519916142557,1009,520,20,5,0.4278759146512827,0.48847235050203086,0.43415644948528437,0.4230607966457023,0.4888565891472868,0.4535850752978197,0.6463421184558323,0.7508665836274511,0.6609627906477676,0.6410901467505241,0.7407945736434108,0.6873454708923353,0.6576571069711746,0.7645544830296362,0.6729757994083027,0.649475890985325,0.750484496124031,0.6963362553382783,0.6594037885497891,0.7669354354105886,0.6749564077435908,0.6515723270440251,0.752906976744186,0.6985839514497639
Claude,merged,distinct_skills,140,611,611,355,0,0,60,not recoverable from retained parsed artifacts,0.09819967266775777,77,93,3,8,0.160571016285302,0.18600056689342404,0.15998818641675785,0.1260229132569558,0.21690140845070421,0.15942028985507245,0.35815363208220347,0.5109098639455782,0.3728505224933796,0.27823240589198034,0.4788732394366197,0.3519668737060041,0.36489966382823524,0.5266241496598639,0.38220426398997825,0.28314238952536824,0.48732394366197185,0.35817805383022777,0.3754628506414221,0.5418225623582766,0.39328187685330546,0.29623567921440264,0.5098591549295775,0.3747412008281574
Claude,merged,must_have,303,1946,1946,4422,0,0,71,not recoverable from retained parsed artifacts,0.03648509763617677,864,631,25,12,0.4330924683153172,0.27344873904594136,0.2982737747039791,0.44398766700924974,0.19538670284938942,0.271356783919598,0.7889411589692067,0.46297424520298575,0.5160221204917896,0.7682425488180884,0.338082315694256,0.46953517587939697,0.8007694755004935,0.4685683341436134,0.523263989595019,0.7810894141829393,0.3437358661239258,0.4773869346733668,0.8057644988123485,0.4704552803751007,0.5259019526926144,0.7872559095580678,0.3464495703301673,0.4811557788944723
Claude,merged,nice_to_have,172,629,629,664,0,0,35,not recoverable from retained parsed artifacts,0.05564387917329094,287,211,4,2,0.42868747047526123,0.4251749219772476,0.41627074482904636,0.4562798092209857,0.4322289156626506,0.4439288476411446,0.8226705787752299,0.7992643695214074,0.7797220662194742,0.7917329093799682,0.75,0.7703016241299303,0.8280000361395711,0.804524613153744,0.7849311981727922,0.7980922098569158,0.7560240963855421,0.7764887857695282,0.8305840154677365,0.8161525201304882,0.7890009656146528,0.8012718600953895,0.7590361445783133,0.7795823665893272
